-- phpMyAdmin SQL Dump
-- version 4.8.0.1
-- https://www.phpmyadmin.net/
--
-- Host: 127.0.0.1
-- Generation Time: Sep 22, 2018 at 01:23 PM
-- Server version: 10.1.32-MariaDB
-- PHP Version: 5.6.36

SET SQL_MODE = "NO_AUTO_VALUE_ON_ZERO";
SET AUTOCOMMIT = 0;
START TRANSACTION;
SET time_zone = "+00:00";


/*!40101 SET @OLD_CHARACTER_SET_CLIENT=@@CHARACTER_SET_CLIENT */;
/*!40101 SET @OLD_CHARACTER_SET_RESULTS=@@CHARACTER_SET_RESULTS */;
/*!40101 SET @OLD_COLLATION_CONNECTION=@@COLLATION_CONNECTION */;
/*!40101 SET NAMES utf8mb4 */;

--
-- Database: `tims`
--

-- --------------------------------------------------------

--
-- Table structure for table `customer_master`
--

CREATE TABLE `customer_master` (
  `id` int(11) NOT NULL,
  `salutation` varchar(25) DEFAULT NULL,
  `firstname` varchar(70) DEFAULT NULL,
  `lastname` varchar(70) DEFAULT NULL,
  `contactno` varchar(45) DEFAULT NULL,
  `alternatecontact` varchar(45) DEFAULT NULL,
  `emailid` varchar(45) DEFAULT NULL,
  `alternateemail` varchar(45) DEFAULT NULL,
  `faxno` varchar(45) DEFAULT NULL,
  `billstreetno` varchar(75) DEFAULT NULL,
  `billstreetname` varchar(75) DEFAULT NULL,
  `billcity` varchar(45) DEFAULT NULL,
  `billpostalcode` varchar(45) DEFAULT NULL,
  `billstate` varchar(45) DEFAULT NULL,
  `billcountry` varchar(45) DEFAULT NULL,
  `shipstreetno` varchar(75) DEFAULT NULL,
  `shipstreetname` varchar(75) DEFAULT NULL,
  `shipcity` varchar(45) DEFAULT NULL,
  `shippostalcode` varchar(45) DEFAULT NULL,
  `shipstate` varchar(45) DEFAULT NULL,
  `shipcountry` varchar(45) DEFAULT NULL
) ENGINE=InnoDB DEFAULT CHARSET=latin1;

--
-- Dumping data for table `customer_master`
--

INSERT INTO `customer_master` (`id`, `salutation`, `firstname`, `lastname`, `contactno`, `alternatecontact`, `emailid`, `alternateemail`, `faxno`, `billstreetno`, `billstreetname`, `billcity`, `billpostalcode`, `billstate`, `billcountry`, `shipstreetno`, `shipstreetname`, `shipcity`, `shippostalcode`, `shipstate`, `shipcountry`) VALUES
(1, 'Mr.', 'Santosh', 'Labade', '7745002244', '7745002255', 'santosh.labade@tejovat.com', NULL, '12345678963', '304, 42/1 Whitesquare', 'Hinjewadi road Wakad', 'Pune', '411057', 'Maharashtra', 'India', '304, 42/1 Whitesquare', 'Hinjewadi road Wakad', 'Pune', '411057', 'Maharashtra', 'India'),
(2, 'Mr.', 'Yogesh ', 'Lokare ', '12345678', '963258741', 'yogesh.lokare@tejovat.com', '', '120-963-9999', 'At post Wadgaon nali, bhoom-jamkhed road', 'Taluka bhoom ', 'Osmanabad', '411015', 'Maharashtra', 'India', 'At post Wadgaon nali, bhoom-jamkhed road', 'Taluka bhoom ', 'Osmanabad', '411015', 'Maharashtra', 'India');

-- --------------------------------------------------------

--
-- Table structure for table `invoice`
--

CREATE TABLE `invoice` (
  `id` int(11) NOT NULL,
  `invoiceno` varchar(45) DEFAULT NULL,
  `invoicedate` date DEFAULT NULL,
  `duedate` date DEFAULT NULL,
  `terms` varchar(150) DEFAULT NULL,
  `salesperson` varchar(75) DEFAULT NULL,
  `salesorderno` varchar(45) DEFAULT NULL,
  `customerid` int(11) DEFAULT NULL
) ENGINE=InnoDB DEFAULT CHARSET=latin1;

-- --------------------------------------------------------

--
-- Table structure for table `package_items`
--

CREATE TABLE `package_items` (
  `id` int(11) NOT NULL,
  `itemid` int(11) DEFAULT NULL,
  `qtyordered` int(5) DEFAULT NULL,
  `qtypacked` int(5) DEFAULT NULL,
  `qtytopack` int(5) DEFAULT NULL,
  `packageid` int(11) DEFAULT NULL,
  `productname` varchar(70) DEFAULT NULL
) ENGINE=InnoDB DEFAULT CHARSET=latin1;

--
-- Dumping data for table `package_items`
--

INSERT INTO `package_items` (`id`, `itemid`, `qtyordered`, `qtypacked`, `qtytopack`, `packageid`, `productname`) VALUES
(3, 1, 1, 0, 1, 6, 'Smart Wi-Fi Video Doorbell DP1000 ');

-- --------------------------------------------------------

--
-- Table structure for table `package_order`
--

CREATE TABLE `package_order` (
  `id` int(11) NOT NULL,
  `packageno` varchar(45) DEFAULT NULL,
  `packagedate` date DEFAULT NULL,
  `packagenotes` varchar(150) DEFAULT '-',
  `totalqty` int(5) DEFAULT '0',
  `shipmentno` varchar(45) DEFAULT NULL,
  `shipdate` date DEFAULT NULL,
  `carrier` varchar(45) DEFAULT '-',
  `tracking` varchar(45) DEFAULT '-',
  `shipnotes` varchar(150) DEFAULT '-',
  `delivered` char(1) DEFAULT 'N',
  `salesorderno` int(11) DEFAULT NULL
) ENGINE=InnoDB DEFAULT CHARSET=latin1;

--
-- Dumping data for table `package_order`
--

INSERT INTO `package_order` (`id`, `packageno`, `packagedate`, `packagenotes`, `totalqty`, `shipmentno`, `shipdate`, `carrier`, `tracking`, `shipnotes`, `delivered`, `salesorderno`) VALUES
(5, 'PKG-1001', '2018-08-18', 'Notes', 0, NULL, NULL, NULL, NULL, NULL, 'N', 15),
(6, 'PKG-1002', '2018-08-18', 'Packing Notes', 0, NULL, NULL, NULL, NULL, NULL, 'N', 15);

-- --------------------------------------------------------

--
-- Table structure for table `productitems`
--

CREATE TABLE `productitems` (
  `id` int(11) NOT NULL,
  `serial_no` varchar(45) DEFAULT NULL,
  `item_code` varchar(45) DEFAULT NULL,
  `barcode` varchar(45) DEFAULT NULL,
  `productid` int(11) DEFAULT NULL
) ENGINE=InnoDB DEFAULT CHARSET=latin1;

--
-- Dumping data for table `productitems`
--

INSERT INTO `productitems` (`id`, `serial_no`, `item_code`, `barcode`, `productid`) VALUES
(1, 'TJSHDP10011', 'TJSHDP1000', 'TJSHDP10011', 1),
(3, 'TJSHDP10013', 'TJSHDP1000', 'TJSHDP10013', 1);

-- --------------------------------------------------------

--
-- Table structure for table `productmaster`
--

CREATE TABLE `productmaster` (
  `id` int(11) NOT NULL,
  `product_code` varchar(45) DEFAULT NULL,
  `product_name` varchar(70) DEFAULT NULL,
  `product_description` longtext,
  `unit` varchar(45) DEFAULT NULL,
  `manufacturer` varchar(70) DEFAULT NULL,
  `brand` varchar(70) DEFAULT NULL,
  `selling_price` double(10,2) DEFAULT NULL,
  `purchase_price` double(10,2) DEFAULT NULL,
  `opening_stock` int(11) DEFAULT NULL,
  `reorder_level` varchar(45) DEFAULT NULL
) ENGINE=InnoDB DEFAULT CHARSET=latin1;

--
-- Dumping data for table `productmaster`
--

INSERT INTO `productmaster` (`id`, `product_code`, `product_name`, `product_description`, `unit`, `manufacturer`, `brand`, `selling_price`, `purchase_price`, `opening_stock`, `reorder_level`) VALUES
(1, 'TJ-SH-DP1000 ', 'Smart Wi-Fi Video Doorbell DP1000 ', 'You can see your visitors, communicate with them and unlock the door through smartphone or tablet from anywhere in the world....', 'Box', 'Tejovat Technology Pvt. Ltd', 'Tejovat', 9000.50, 7000.00, 0, '08'),
(2, 'TJ-CHATSIM', 'Chatsim', 'This is chatsim card for traveller', 'EACH', 'Chatsim', 'Chatsim', 2000.00, 1500.00, 10, '10');

-- --------------------------------------------------------

--
-- Table structure for table `role`
--

CREATE TABLE `role` (
  `id` int(11) NOT NULL,
  `role` varchar(50) DEFAULT NULL,
  `description` varchar(70) DEFAULT NULL
) ENGINE=InnoDB DEFAULT CHARSET=latin1;

--
-- Dumping data for table `role`
--

INSERT INTO `role` (`id`, `role`, `description`) VALUES
(1, 'Admin', 'This is Admin'),
(2, 'User', 'This is user'),
(3, 'Manager', 'This is manager\n');

-- --------------------------------------------------------

--
-- Table structure for table `sales_items`
--

CREATE TABLE `sales_items` (
  `id` int(11) NOT NULL,
  `productid` int(11) DEFAULT NULL,
  `itemid` int(11) DEFAULT NULL,
  `quantity` int(11) DEFAULT NULL,
  `rate` double(10,2) DEFAULT NULL,
  `discount` varchar(45) DEFAULT NULL,
  `amount` double(10,2) DEFAULT NULL,
  `salesorderid` int(11) DEFAULT NULL,
  `productname` varchar(70) DEFAULT NULL
) ENGINE=InnoDB DEFAULT CHARSET=latin1;

--
-- Dumping data for table `sales_items`
--

INSERT INTO `sales_items` (`id`, `productid`, `itemid`, `quantity`, `rate`, `discount`, `amount`, `salesorderid`, `productname`) VALUES
(18, 1, 1, 1, 9000.50, '0.0', 9000.50, 15, 'Smart Wi-Fi Video Doorbell DP1000 '),
(37, 1, 1, 1, 9000.50, '0.0', 9000.50, 16, 'Smart Wi-Fi Video Doorbell DP1000 '),
(38, 1, 1, 1, 9000.50, '0.0', 9000.50, 16, 'Smart Wi-Fi Video Doorbell DP1000 '),
(39, 1, 1, 1, 9000.50, '10.0', 8100.45, 17, 'Smart Wi-Fi Video Doorbell DP1000 '),
(40, 1, 3, 1, 9000.50, '5.0', 8550.48, 17, 'Smart Wi-Fi Video Doorbell DP1000 ');

-- --------------------------------------------------------

--
-- Table structure for table `sales_order`
--

CREATE TABLE `sales_order` (
  `id` int(11) NOT NULL,
  `salesorderno` varchar(70) DEFAULT NULL,
  `reference` varchar(70) DEFAULT NULL,
  `orderdate` date DEFAULT NULL,
  `expecteddate` date DEFAULT NULL,
  `salesperson` varchar(75) DEFAULT NULL,
  `shipvia` varchar(45) DEFAULT NULL,
  `status` varchar(20) DEFAULT NULL,
  `subtotal` double(10,2) DEFAULT NULL,
  `tax` double(8,2) DEFAULT NULL,
  `total` double(10,2) DEFAULT NULL,
  `notes` varchar(255) DEFAULT NULL,
  `terms` varchar(255) DEFAULT NULL,
  `packaged` varchar(70) DEFAULT NULL,
  `shiped` varchar(70) DEFAULT NULL,
  `invoiceno` varchar(70) DEFAULT NULL,
  `customerid` int(11) DEFAULT NULL,
  `filename` varchar(100) DEFAULT NULL,
  `filetype` varchar(100) DEFAULT NULL,
  `filedata` longblob
) ENGINE=InnoDB DEFAULT CHARSET=latin1;

--
-- Dumping data for table `sales_order`
--

INSERT INTO `sales_order` (`id`, `salesorderno`, `reference`, `orderdate`, `expecteddate`, `salesperson`, `shipvia`, `status`, `subtotal`, `tax`, `total`, `notes`, `terms`, `packaged`, `shiped`, `invoiceno`, `customerid`, `filename`, `filetype`, `filedata`) VALUES
(14, 'SO-1001', '10001', '2018-08-18', '2018-08-18', 'Yogesh Lokare', 'DTC', 'CONFIRMED', 9000.50, 0.00, 9000.50, 'Note', '', NULL, NULL, 'INV-1004', 1, NULL, NULL, NULL),
(15, 'SO-1002', '1500', '2018-08-18', '2018-08-18', 'Yogesh', 'DTC', 'CONFIRMED', 9000.50, 0.00, 9000.50, 'Notes', '', NULL, NULL, 'INV-1002', 2, NULL, NULL, NULL),
(16, 'SO-1003', '45632', '2018-08-18', '2018-08-18', 'Yogesh Lokare', 'DTC', 'CONFIRMED', 18001.00, 1800.10, 19801.10, 'NOTES', '', NULL, NULL, NULL, 1, NULL, NULL, NULL),
(17, 'SO-1004', '123456', '2018-08-25', '2018-08-25', 'Yogesh Lokare ', 'Courier', 'CONFIRMED', 16650.93, 1665.09, 18316.02, 'Test Notes', '', NULL, NULL, NULL, 1, NULL, NULL, NULL);

-- --------------------------------------------------------

--
-- Table structure for table `user`
--

CREATE TABLE `user` (
  `id` int(11) NOT NULL,
  `firstname` varchar(50) DEFAULT NULL,
  `lastname` varchar(50) DEFAULT NULL,
  `useremail` varchar(50) DEFAULT NULL,
  `username` varchar(70) DEFAULT NULL,
  `userage` int(20) DEFAULT NULL,
  `gender` char(1) DEFAULT NULL,
  `userpwd` varchar(50) DEFAULT NULL,
  `streetno` varchar(50) DEFAULT NULL,
  `streetname` varchar(50) DEFAULT NULL,
  `postalcode` varchar(50) DEFAULT NULL,
  `city` varchar(50) DEFAULT NULL,
  `province` varchar(50) DEFAULT NULL,
  `country` varchar(50) DEFAULT NULL,
  `userenabled` tinyint(4) DEFAULT NULL,
  `confirmationtoken` varchar(45) DEFAULT NULL,
  `resettoken` varchar(45) DEFAULT NULL,
  `createdon` datetime DEFAULT NULL,
  `lastlogin` datetime DEFAULT NULL,
  `contactno` varchar(50) DEFAULT NULL,
  `filename` varchar(100) DEFAULT NULL,
  `filetype` varchar(100) DEFAULT NULL,
  `picture` longblob,
  `tempactive` tinyint(4) DEFAULT NULL,
  `userrole` int(11) DEFAULT NULL
) ENGINE=InnoDB DEFAULT CHARSET=latin1;

--
-- Dumping data for table `user`
--

INSERT INTO `user` (`id`, `firstname`, `lastname`, `useremail`, `username`, `userage`, `gender`, `userpwd`, `streetno`, `streetname`, `postalcode`, `city`, `province`, `country`, `userenabled`, `confirmationtoken`, `resettoken`, `createdon`, `lastlogin`, `contactno`, `filename`, `filetype`, `picture`, `tempactive`, `userrole`) VALUES
(2, 'Ajay', 'Katware', 'ajay.katware@tejovat.com', 'ajay.katware@tejovat.com', NULL, 'M', '12345678', 'Uni 150', 'Nigdi Road', '412114', 'Pune', 'Madhya Pradesh', 'India', NULL, NULL, NULL, NULL, NULL, '9923566106', 'avataar.png', 'image/png', 0x89504e470d0a1a0a0000000d49484452000000f00000010b0806000000e7770bfc00000006624b474400ff00ff00ffa0bda793000000097048597300000b1300000b1301009a9c180000000774494d4507e10b160c002426774660000020004944415478daec5d67781cd5d57ea76f6fea5db664cb92dc6ddc70c11563634c3360534d0793904020948440124880043e8a43b5134830bd77639bd00d0177b9e0de64f5b67deaf76325596557da9566572bedbccfe307b43b3bf7de33e79d73eeb9e79e4b4043dce1e6a567a5e9e09b402a2862686452905329100e8a808322640b43c2c400069a545812324d41a128922068422149282445806008a5f57e82424052a0c8206451216449561409842483144599e005c023c87049201b450575b2a2d44b20ab0411e58244ecf283fce189d73faed69e4cfc81d044105bdc78ee94538c947e8c9e218631040a1852c9e048a4e948d9ca918ac148c934432871f75c0485503c12217864cae3978846bf42540940b9a890077849d9e995a9ad8fbdfac9ffb427ac117840e0d7674f9f67e0888bcc2426996929d7c44067a4648a24a9013d6eb7444a6e99f43689e4618f487ee7538897fffaf2da0d9a4668048e6bfc6ed9bc5feb0879a185964624d1428a9e2634d936c32b93722d4f553549d466af447c70ffcb6bffa1494523709fe1a68be666da095c6764e4f9365a2976308299d6c412364485408d4835348874995ba23e9029e1b9bfbcb8be56938c46e0a8e1b6a5b3e73b28dc99cc4a13921849a749445d5409b4ab4ea4bf6de4d9fb1e7ce5c36f35896804ee35ee58367b8e8524ee4ee5a4c90e5ae43489c406d502eda912e8ff36f8887bfefefada9f348968048ec83d4e239595197a71be83d62c6d3c58e62a3ff3de3d2fadbd58938646e0d0d676e9dcabd358e5b7593a7fa1369f8d3ff00aa11cf1b265d53c71ebc3af7eb6569388466000c0bd4be7adca31f017db69497391fb8d55669cc7bdf4ca3fbdbcf64e8dc0098a3b2f987ff92093efa96446d26b94e89fa810e8fa835e72d9c32fafff44237082e0b60b678dcde4f066ae5ec8d7e60ffd1fb24260bf87d9725424173ef9ca67e51a8107301eb864cee78506fe34ba4d9eb08681019f4c283f7bb857ee7de9b3651a810718ee5e3aefc64283ff512b2db39aaa0f6c54f3b4fb90975bf697573e794f23703fc7af2e3a3b3f8f737d96abf3176aee7262b9d57b7ddcc606af32ffc1d7d7350ee4b10ed8ccfa7b2e99f7c828a3f3e564464cd2c89b60f342024866c46c1b87df94160dabfa72c7be9f3402f7b3b96ea9d1b79421b465b244064b28642a279c595c342ced8bedfb3fd45ce838c7ed579e65ce92ddbb73383e53535f0d6db1c7c37d7de7bfd74dd3081cafe45d32bfa8d0e2df944c8b064d5d3504c3311f53512ee84bfebae6c37a8dc07184db2e9c3576b859de68a6244653530d5da15aa09d3b9cba82815222a8df13f8ce25b34b865aa42d565a23af86f050c9d38d070973ce43abdf73f6f7b190fdb9f3bf5d3227778845deac915743244863456b8eecdc7fef92125623705fb9cd4b16a41798c5dd365ad4923334448c2c4e4cb11a33f69d76ef69b446e03e4081c9b747db88a0a137c8e3f89c0507a86dfd790cfd721df8a14be76ccfd1f1399a0a6ae82d1c8c94525c5494fddfed07ded7081c03dc73c9bc474a8cbec59aea69500b499c38b67048c9e6af77ecdbd3dffadeafa2d0772c9b3d67ac99ff4cab98a1416d3449a450d668cc7df8f58f2ab4397014f08b2567a40cd5891f6ae4d5100d582899c9317afbdd7cb8df1038cf207c6963b4ed801aa2876c4e4cf9e3c5f35ed208ac327e7fd1e9d70fd6f987692aa621da186af42dbdf38a79c33402ab847b9794b0838dbec734d5d2100bb08442a4cae2c71a81d512a83eeb7dad928686984ed7f442fedd4be7ddd81ffa1ad751e8df5c3a6fe204bd6fa356c34a43acd12892fc775516fbb3efbfefd12c700f914b89ef6ae4d5d017b0d2329b67f3bda5b9d03dc49dcbe69f9bcd09699a2a69e82be4ebf8b9b75f79965923700f90c6088f6a2aa4a12fa12765d2e4f7fe4b237084f8eda5f3a7e6e8845c4d8534f435f20cfc59f1bc63292e099c4c88cf12d0e6be1afa1e6652a6a7ef61ffa11138dcb9ef15f386e5ebfdc59aea6888232b7c9946e0306191e5d594a6331ae208765ae27eb76ccebd1a81c340362b4cd0544643bc219591afd308dc0deeba68ee0a23256b065843dc219313d3ef5c32bb44237017b0b1f20a4d5534c4a5a523141874e4c31a8143e0de25256c0ec76b3b8e34c42db2187e8e46e01090e8acbb39523bcb4843fcc2c6c8ecef96cebf4e237010d819f9724d4534c43becac708b46e020ee73969679a5a13fb8d19c38249e0ac2c705814526e7d70ca168eeb386b8074bc8844467fc4a23701b1829fe124d35e20715b0c22d6befd350d053f2c51a81db208d164a34b5880fd4490c4e5d783ad82163356184403a2b9568046ec6cde7cd3ccfc612a4a6167d0faf4ca068e63cb01c8391a386a19249d68412043646a17f71deac451a81019819e50a4d25fa1e0a0898474c4272b2adf5b3c9f366c1256b95b883ea2d892b340203b05138455387be4743720186140d6ef719c731b08dd052d383c1c1c913139ec0f70264a65e4cd5d4a16f5163cec194e9c1f57148d12054e85234217540864ece4c7802d79c377b998e22b470671fa25a9786e9f3667479cdcc05f3502b687b4cda424f29c48a73662e4e68025b69f97c4d15fa0e27081ba62f980345e95cfd44c731edfe4e1f3f1992a2554969a7bf2c71514213d8c6c8e33535e81b1c17f538edacf9c115d36c407e561af4dcc984a3c2823c3833b4bd266d61a19509094de0140ee99a1ac41e87790e33ce5d0c92eaec161bf53a64a438000059e949a0c8932a3279ca781cd796965a91cccad9094be01bcf9f35c5426b9bf7636e79b934ccbfe87c307467d1732c83acb4a4d6bf698a4246aaa3dd3573169d8e2a89d30409c0c1caec0d0b670f4e48029b08e53c4d0562074901ea538662cec2e05b5a698a424e463248b27d4cd164d0c16135b5fb6ce49c797029dabb17004c46f9a28424b08156266b8f3f36708b32a4c2b198322df8923b4592c8c948064d0527656a920d06dd49ab6bb75b601fa53d3e00305098969004b6d072a1f6f8a38f724987ecd3cec0a851c12bf5323485bcac54702cd3e57db2d292dab9dd858579684c29d2084c11250949601b0d9b46af28bacc20506bcbc7acf3ce417a6af0c0938e63909f950696e93e5d92a2c876f3630098346d3c4ee8123b0e69a1e5948423f0bd4b4a581bab301acda28306998565fc4c4c9d752a0832f82336ea75c8cd48054585af023a8e456687a0d6ac05b371824e4a5859db59599770046e9053176834531fa242a0ca9c8df18bcf456e6e4668efc76c0c1ab00acbe2980c48b65bda7d36f3cc792827ac0929739650885f2f9e3e22a108cc9098a8d14d5d542846249f3a0f33e6ce00c3848e10a725d9909e62ef555bc9760b6c6663ebdf044962f63967e2042c894962969d9a5804063154a39c3a7029143c59c331f3bcb391911e3ac98263190cce4987bdc392504f919e6287d9a86ff7d9b4450b5021e912ee197049e9b3138ac07a961cac51af779014e0049786e10bcec1b889a3babcd66135213f2b35ac605524c84c75b44bb764180a93179d892a29b1c21bb23df3ec17f739531386c08cd93142a360cf715cd0c1366936662d9c03bd3e7456144d51c8cd48416a920d4414367d1104819c8c94761b1f743a0e63e72f4475029158f13452475cdcb68420f0435bbc65a4c26b693c3d408d0f684c2fc59c0bcf437656d7cb3756b30183b2d360d04737ed912409e466a4b623b1d96cc4b8858b502db109f15c38d18bc37e26eda12ddeb2014de0c777783fdaebd7957022afb13102d40b046aec8331e9828b3069cae82eaf65191ab91929c8487144b444d45b12e7a4a7b44b06311af418bf70112ac4814f6256f40000f6fa75258feff07e342009fc6c99e7e1ed6edd1900c040d058198ec5152834a61763ca85cb306de6e4a01b104ebab3408ac31a13ab1b0c1445223723a5dd3cdb60d061e2998b5031c0373fd0ca4983b4ddad3be3d932cfc3038ac02fee722fdaead1dddadaa85684a34b54881c7c792331edc28b30694af7e55d8d7a1d06e7a423c9668eca5c371212e765b677a70d061d262f3a13e5a27ec03e2f4611dbfdbdd5a3bbf5c55dee9854ad8c49c9c19f7dec1a5e3ea95904648da51d0321002a1413f2468dc1ccc2f04e99d1710c521c5618f5f1b37413b0c4a9385651038fcf1fe8a74e87a9679d89afdf7b0f99b47fc03d3b4a91dafdcdcb04f1b38f5d03c0dcef09fcd036dfcebd5ebadde2a30c1a80360f0e105741059d8461e3c7a32433256ce226dbad3019e273cd952409e466a6e078652d9c6e2f2aaaebb179e77e54505634d457a1c43eb09e2119a4d450254f9b1edae6db79fb485d49bf25f0caed9e7f6ff1709db6c188a4566bd825d3705bd231ea943128b18797c1c4b1018b1bafc4ed8823e5d578e5832f515153dfee95d52001539207ce342a943eeff572c52bb77bfebd6284e1d27e47e07f9639977ce7d2073df348221293c00a802ac50cdbe0428c1b5d1c762c40cfb148b25bfa0d71bfdbbc1bef6ff801b50d4dcd1e030b9f9f6f9d401df102ae0a02b353155003e04c0ebe0b7ddeead15ff2cf32e77bcb4bcdaff72b021ff073cf87aa612820b108ec9149ec7492a8870ef3a68fc1b0829cb07e673119e0b09aa0e3fac752cccf078fe3b58fbec2d18a9a4e2e3f4912f0784fce7feb04051f5510989d2ac340f76f6b2c124c972fed037eee7900fd87c08f6cf37cbbcbcb84f40b79924622c4b18efb69ec7602353e098a220270e1e50fbe447e762ace993b19364be7bc64922060351be1b099c0d0fde345e7f1f9f1c1861fb0febbad21af61191a2449c0edf1a165cae896147c5c41605a0a8154aeff96aced6e4a5821309647b679bebd65a4614adc13f8f99daedbbf77eabbacb7c2b306c03730492b8044590381c31ec02b8941af3974ac0a4fadf91833278dc0a4d18152ad0c4dc16e35c16636f5689b5f5f61cbae0378e1adf5ad11e7ae909f95868c543b64498124cb3874ac12878e57e1f32a19e3ed4081a97f5a621fd3fd56ca5d5efde4e777ba6ebfbac4f4505c1378bf4f775f77d7780d19806f5fbf7b50e52e115e85c0feface11745121e0e74cc8c8cec23e5f353c7e1f9a5c3ef08218f27e3bdff802ab3fd808a3de8403c7aaba6d7fd2a84130e8f598347230164f1b059bc5a8cab81a9adc78f7abadd8b8ed004e543562d781e3ddfea6685026bc5e375c1e6fd70a4653b05b4c3019f5b02625c123018a0234ba7ce0cc16140db3a0a1c98dad4d2e1ca9f5a288f321d3d4bfa6587e737a24dc5095c0aabef21ed9eefd7e9747d76db16bd3e74f62dac1d7fac5c3d9d7246173a50fdb6b15f0821437fd329a0df8fd350b71ce8c31bdbacf0b1f7e8bc75ede00b7d313376363180a2393088c49d3a1d012ff69f39f175c0cdf8cebc2bab6d8e0fbe196117ad5f6c3ab16035cb5d3bd221cf20200ef1814f70fc5cd8b78becc85e7b7baf053851857e40500b7d3833b1e791dfffae09b1edfe3b1973fc703cf7e1057e405004190f0538588e7b7baf0c24e0fdcbc18dfd3a6d421615fbbcba39bb06aa77b45dcb9d007bdcc5fc2bd56ca2a017e8a6f57f9c59d5e34f8e33fd2f6f82b9f63dec412643657d9d85876107b0e9d40a3d3ddeebadc9414140d4a41f1e0acc018abebf18f573e8bfbf1edaa15b0caafe0aa52c0c8c6a76b2d668f88c8956de6cacab821f0133b3cef6e733361a78d49c983e0030d1de2efcdeae645bcb1d7df2fc8db6289fff6e23a78793f366cdc1996eb3d6f4211ea3cfd278a58ee12b1aa0c7149e27a8104618eac3065a5c8989fd8e179f717c30dbd3eddb0d773e09776b9c77dedd4ff282a91ddaa74f5d9c8455d9fce6d0f34f068f4cb68e4034b18fbea2468887f143a02f3622b4bc0ca9128b0b32830f7cd5c79af9c847d57bf1db9e524144c357bc75f5c6cec952fdaebd7d931815e13297901a0569f8e5c6f5dcc491b8f01290d113ec70e2fda0d8779b00c85117d10f86a30f5ec9c6f5121704ca0d70028ea3302afdeedf9e5778d6c8f0ad4b9ec85807767cc04fddacf6e6caa54df65375bccb0362764702c8bd4a4ce99fa368b052663cb928f8c40ecb0c54527212b22fc7e01bcd8b17f247851c0d1f272ecdf7738a6242928cc434e6626589a69d75740064bd3e0380e24417618cfc998a8cbed4683aba9d370ab6aebe1e703cb708d4d2e389b9caaf4971724fc5401fc54e1c2d41c0e67e6c726edd49956daf31791971dba7ab7e797570e333cde27043ee2a5efede96fbd43a702e5efc544c86b0ff3aa90373d3d15d99969c84e4b454ab2a3dbe3482285a228f00b2224518228492008022ccb60f89041d89c92846fbedbd43df172d270c1fcf1484db2203b29906070acb611fb8f54e2e3afcab0ff6865b7f73875f2588c2919064114e1f30b906519244982a628b02cddeec8d150488ba074add3e54263931bc7abaa71f0e011d4d435f44a8e5f1ff5832548cccb8b7e0a2a3f622154e0508f09dce339f0533bdc4f6c721b6eea4de74f5b350b7a22fa81acdf6f7441e8a5cb3c63ca040c1d7c3287b965e3bca2282008a2f594fb601bea5bae09f579a8ffb6bd4e1044fcebd577bb24ee4d17cfc298c2ac2ec7b179df71fc65f587a8aa6a0afa3daba771f979c1632b6dc7d9510e6dfbdaf1f38e320a76cfb6f2fcf9c0517cf1ed0fbd7a5e368ec41d13a2bb1db75ea4b1f1da0dbdbecf58a3e7c91b861b7f11530b7c84e7aeee6dc78f130e14a22aea04d63332845e54f1c9cd4a477e761a789e6f5538922421cbed23d52d9f05fbaee5fb1604fb3ed8b56daf4b4d4b4655654da76bf3b352b0ea0f811d6b3445c1a8d781a6a9564b29c932045184c7ebc798c22cbcf6c0b538e3a6c7e0f50941dc7d1bf86617b76d1fda8eaded67a1c6437661a583c9882449288a024551909f9d866d0e33eaeb7aee5ea71aa23f0f2e67d354b94f33976247e0953b3c6bb6b8a95e4f326aed0528ac8f3e81970ce2f0ee4101359ee05678d8a0541ca976c1e30a9ed09094648520c4b68e5750ab2d0527bdddc281a62858cdc6a0b59f298a04cbd030ea75e005110d4d2e0c1b9486cdbb8e75ba5692640882d0c92a06fbff8e56b7a36712ecef60d6bca3f7010099692921096c341b90936cc2ee83c17527cf4a627a66f4095c9facce5efd1a81d2addce159b362b861594c087cc8cf9daf46c7dd799381faefa2cf068315775c3d110a41a1b2e96482439ac50887c5088bc98025bf7d36e4cf8d3a1dfcfebe2f052321f80b283dd98a1447786713b10c8dd4a4d007431af45c5c8cd5a43784fc2ec36ec623b75c80aada4654d73bdb3d53b1b111ae83bb91ce447f6ae6293c4db57b35732afa045eb9c3f3da1637a94af4c63f623ee42d8f824474b692392512bac231583062089a5c1e48b20cbbc5d0ea6a5acd0658cdc66ef7db8aa2d8ea56f625c410d3f8f4e4e488ef55949f19d40237b93c713156a20b9dd877a412368b097a1d07b3510f7b93ebe497d92960461561f78ebd709df819a628c558dc12200d53ef6cef06916456eef0bcb662b8e182a812f8909f3b5bb55e333a54286664124daa0bf8302c98be702e0ccd552c1c36332449064d93b05b4cb09a8da0292aacdac9a228c6855542080b3c7c50e4a77aa4255942b6110f63757a42e7678f2dc94192cddc3c0e1b7c3c8faada46b8dc5e50140992243169ca1890e458fc77ed97b0351e01a3f24ec5e384fa47aaf6845b11113850e38a5475eda4ca948b4cf70ed5eee7e70554d5d6a3e49c79ade405025521926c964e0772b5063d522d2123b32e8f07461d1b3238d513040b527515fc9265198df5aee02e6572e4477bb6e444778420c8f0fbfd41fbd75d902a9c005eb0f1060b6839bbd860d1763e4d51248c7a1d0665ebe0f6fa5059d3d0ba855396154c9f330dfb8e56a166c3dbb09a4daae9599dbd40750237882413690dad88087c9467ce57bbd34d69c38103ea10b8c1e9446d7d8084591901b792631924db4313b7055949a109ec74796133f66d5de3604b302d282dcc8ef87e134af282cfeb5c9eb8b0c04217fba88d7a6388cf03f5b1eb1b5da86d704294021e4b56aa03bbeb1bd1e074c161b3c06c30f4de43c89910957137734c7d023fb3c3f5c88f6e5af5f4166fc134e0c02bbd9b1bca122aabebda144e03740c8d1487151653780f6b485e7ad0392100b87c5e8862df6ebc687206df383f65f4901e1da1c2d0340a72d282267634b8dc30e9faf63405a7cbd3e5b3ea0a76ab09368b11f54d2ed4d63ba1e7e8e6a99084aa9a7ad4d14ed82d46984d46103d4885900188234e8fcab86b455af7cc0ed723d70d37dda22a814f08ec15d1e8b09c33027e90e07a5824cbedf5a2aab61eb21cb050140998390a055d9c501f2aa8130a1e9f1f5eafb74f15dae5f6849c0ff6a47616cbd0185b921394c02e8f17942237bba881e51849ea3cff6ef9ae75f62c49a028aadd7f5baeebeaf76dbf6bb9b6ab4a1fe387e7751f04230838ac66d8cc26d4353a411068adc5258a22aaeb1a51d7e084cd6a82c5648ae8b4902a8106f4d6a83deb66aea947e07fee725ff36d1313b572dc15b021af073b93aaebead1d4e64d6de22898590a3d395d6462497e6877ce27c2ede1c1f4e14eb6c610dbff2614e7f7f89ed3c60dc3eb9ffed8d902377aa0a7faae3e95b79bfa5a138bf3c2be17491248b65b906662e1e225b879a995c8922ca3b6be09f58d4e584d26582da6b0d244ebb8e81e057c9c67ecffdce5be6679b1f13955085cc953bf8966871bb814e4f9c327b00205155535f0f8022e334713b0e96850bd280697956a0fe952065c5837ace6be732bbd7e3e68e06df890ec1edf7372693ef4463dbceef6d68e17c43e9d3238fda197b1a68c1ed2a31c7492002c1c05134b7522b22c2ba86f72a2c1e982d96480dd6c02dd8557e3b2e4465d06cd9ceb3d815fdad938e4bf4e6e68343bebb66401d57bc2ba5692159ca8ae81dfcf8322095875147474ef2b03712c8333a695e2c935c1095ccffbc07afb6693bfaca0758ad01633c60c0d9a79152e741c8b196306e393afcb3a11b8c9e703a3f44da9574f17729e714aefc6dc8ec87e096ee1249115454193d38d26a73b5084cf6c862ec8cbc213839250fb7ddcd09776360eb9b8c4bab75704ae9399bf45bbb3fee4c14075f749e1a22ca1a2aa167e5e8089a560d651aa55e5a32812674c2ac5aa77bfeb649100401100b7288291634f629718fc05b574de845ed58e66191a17ce39a5138103b1053f0c7d706a8202028218fcc5a137ea71d6b491aab44312804547c1cc51700b018bdc3653d5e5f6c2e5f6826319584c06988dc6d6b450216b444c64d1ccbdc5bd227039cfce8d764785cc11c0ae6eae9124945756439624380cb42a56b7233252ed412dd249cbc08395dbe74437badc60280a06154e085414056eaf0f3c2fc2d19ca820731c448908ea4ae6a43b7add66494116c61467778ac0fbfc00016fccc6d96afd4926a45a2e99331e3a56dd2d82040198d88045f60832dcbc04413af902f1f302aaeb1a51d3d004b3d1008bd1082967744c081c0ef7ba64c1aa9dee15350215f5055039bdebaa7ea224e178451528c848313151212f00e8390e572f9e0e7d88355f49a62174981b4aa20cb7d78ffa4657a7ef227a8989221a9adcf0fadacffffc7e21a8fbbc64fe78558e15351a385cb6785a088f2776e304001f414292e990d677c9cc91513dbcdcc0904831324832d0d033ed754c9103eef5c1ca5a283a534c085c2350faee2a587669816b05ea8698b84d9c090a88a0f9af8aa2a0a2ba16069a80998b6e18982409e4a43bb064ce78bcf8ee5741aff11134fcae9319510424b85c8164fa86c646300c0d03c7820d23d0d2b2cfd7e3e7db252ed82c46b85c2ec8b20cca9e02b2c30accfca9a5985492dfa3f5df8e60681a138bf3835a6181d4c3e7aa8efa385be56f4c0ab982b064ce7864a43a62421c8e26c1d124ac3ac0d3c1bd96637c305f330757f688c04778a624561df583842e48ae6f556d1d4cb4028e8e4d9d2373f39bfe93efb606cdcca2293d14da0f59145a09a0e318f8fc81bf05414463b392320c0db6b9df1db7d5f1a21434db48af635be7b584d10252223b59a2ab164f83c9a05775ccbfb87036563cfc5aa7f9bfa23781f0baa23ace007b4d2088e02fa4829c345cb56852cc0f3227dbb8d77e51864790e193621b18e88e83217bf37499eb21bf1cbb437a7c726782d63634424788e0e8d8098da24864a43a70e795a14ba528464bbbdc5db3d1001dd7d912098208b7d70fb7d70f97c70797c7d7fa7730a5d6714c2b312956073ac8ece59e2be723373da95791d860c1ac61833271d5e2c9415f58204d511b2700302c07a28b25babbaf9a0fa341d7a76746713409bb9e86d56c8869bb7e99249e2e733d143181eb4566494c3baab427b0d3e3012df9c0f6c101b246bd0ee387e660c9e9e3830b4d224158933a91b837f333839e83d918500e89d3036ce77230f3a79662caa8c26ef3ba7b028b498f25b3c661cae8cef108cad09ec46a8d13086c6ee03943274fa305972d9e86a179e95119738fe23544eccbd776c5c5a052fbfca0a23be267f263d9c9b6f35f3fcf43f6bafa84bc2d73619bc584154b4e43414ef0b229b4427722b151af83cd628c686987a169d82c4618f53ac8b20c456f02cb740e928c29cec61d579c019bc5a8cadc37583fcc263deeb8626ed03153063d14bd499571b6252f614d02ad04bfcf94d14370e5a289aa1de2a68a87a6c4be1cf1113f93fff94145173681f778dc7fec49ade7dec044f0ad7327d1db04b697a97c2e77ef72975b4ad03c7aeb79dd92b86d54b645511d36330c7a0e0c4db72b41431004189a8641cfc161339f2402690263490bea3617e4a4e1beebce829ee3a27ad8b751af438ac31a72cc34a507654a01cdb03d1f678bdb2d8a5d92b720270d775c31172683bed7e72477b53122620f4289fd8916a242608fc7fdc7b009dc20d0e7c4d4fa8a3c7464c092f19e26902a64005556d7aae0561ae0b09a71f755f3bb2431eb480db8bd6ddfd424d96aa992ed16a43802656f92ed96564b449124489a0169b404dcd41056e8d15bcf43b2dd1a134b64339be0b09abb7c71299c15a4d1029266c21e675bab4bb13ae86c195d92f7d15bcf438ac3aa8aeb5c51a5de01021c04a00f927942713228814f88cce09812f8c46e900044bf07b2a04e399743874ea8729f249b0543f3d2bb546852a6c03226101647c0cd244d60d8cef34486e5c0b05c2040c5d940581c2074361044f039e5fca9a578e0a6c57058cdb05b62b3f6489204926c1638ac66acfac3a5983f3578e17282e0027db73840733650acae757cc1c60dd204451ff03282cdef3b92b76527911a3870e0888a533d80a8dc13730287e264a719f9aa9dee15077decc25876cef2e5d3c872ed03ef56afb4ce099784f113c7f6fe8111045826e01ece185bdc8dcb0b000020004944415480c3150d385a11fc8d4e2824489201c93050280e246b6cf74fa138281407501c40512094e07359bd518f3f5dbf084be74f00c7327058cd318dc01204013dc7c1cf0b9832aa00457969f8b6ec30c42011654221018a029ac7166adc24c380eca698cbfca9a5f8fdd567c0613523c966516dcc6bdffb183a4fad6af2a91568f043a7c794c08242102b6eb9bde6bd950ffcaf4b0bdc241017c5faed925df10304b7ba75b1c8aa83aa06785aacd203372dc64dcb6685ccd6ea2de64f2dc5abf72fc7e45105d0735cccc9dbd612a738acd0731c268f2ac0abf72f0f698d7b0bbd518f3baf59883bae509fbc00c0d41e52b5bfe907d6f749002d18373b49e9f79b0567054f9b62d529faf0269cf6e1b5107d6ef52dfb84d371e659eaa572cbb28206a72b901f5befc2aa77bf0a9937dd13e25eb5781a52ec26102060b318a31ab08a043e3f8f8626371428aa8f7bc9e9e371e91913603119a0e738584c0655c9fbe61b1fc2bfe573d565f2c5d2b7a06414c7f439a4b3a2eb4f63da1fe3db4e5281ad83969f63d9a941ab9720af614774de58840117df7e07cc2a2fbebbbd3e385dde5685fe62f3cf619f3bd471be77c6b452cc18331429f6c03b331a4aacd6cbabc9e581b7b95e961ae39e3761182c26030810b0980caae739d7d637e1cd471e844951bfc6d73e4b298e5dfd46cc9fc369e6a6a16db718b6d392a7cb5c0ffde432de16abceb03bd7e1d4b53743896254af419f861bef567f489224c3e9f6b62a748b526ffaf9288e573561dfe10a78fded97b2f49c1e8579e918539c8d82747bbb7a5d7a2e50e3b8bb35de3d078e215abb7409004583b3231e7793cb83b2fd27b0eb484d97e32ece4d46694146bb711bf53a980cfa1ebdb0429d39d5827ffce901d8fcd13bc2f6eb45cf411c3235a6041e67723f7c7da9e9f6a004fedb76dfe63d1e2e367ba5bc8d287d663e52e486a837d560cec18dbfbd392af79624193e9e87c7eb6fad8218f6f481a260d073d0b16cd8c91947caabe1f145a76aa441c72137332566e3d6735caf3c0d595642fe7ee59f1f84dd571d55bdaaa092b0fbe6af634ae022837fcb6f46e8c60425f0dd9b04779540c724d973f0cad391eb3f12b381d7eb5371d18dd723c96e895a1b9224c3cf0bad8789755cce268840408c6319d014d523e56d6872a3a2a63e3a73ac647b8fd69a6559012f081044a9cb713334059661549b1e4892dce9c577a2bc1a6faf7a2eaa96b72d0e1886e2c8f5efc64c8f5319d173ff58c6d889c06bb6bbd23ef7182b6232195fbd14c31ab6c47cfee0010dfba8e9386fc902f4671c39510d8f575d2b6cd073c8cd48e957721025097473654ba7d3838fdeff14de9ddf83456ceb79ed4c998caa4b57c7acbd990677fab211a64aa0cd76420f85cb63d178c6f317a1a8696b9f3c700344f8b76ec00b5bbf80db9c0147761ee62d980d4714ad72349099eac0b18ada7675b07b031dc72233467b6d559d1a353461dd471b5077ec104cae4ad0848cbe88db97547f07f9df57a3e6d2e7636388025c7d0868b30eec1689d9d16e38ebb9f3fb8cbc6dc14082cd790cf2ae6ff0fdf75bfa9de2d21485bccc1455b6b659cd06e465a6b45ab2fe841fffb70df29eef60739f004dc87dda97e1d5df20edc52b62d2565baeb612d82953a5d16a90ac398c618f4dc5106759dc29c1f18a3af4471004818c14070667a7c161358389a0e00143537058cd189c9d868c14479791dc78c6b1387b76c535dfa360e51cc0551bd576da72b5d5856e9498a854ab6636bd83d19fff0146828f4b25703535a13f836519a42659919a6485cf1f880afb78013e1fdf1a1da6290a3a1d0b1dc7c0a0e3e22641a4d796a8a9018638eb538eff38accfcec3b6857f8758745a54da68cb551a005edcda30e82b9fbaa70ec2558b8c576f4251e316208e5ff092ab0103053a8e1d30e40c07b2333e5fbe167830f5c31bb0e38753a3322f6e1049e6c5ad0d832e1b653b480280c030aa8665755fafc629cfce0c9037cea1f7d541433f7d61f96ae3ba7fc3abbfc1b847c682fde92dd5efddc25912003ca272aa2a77f53422f3f9f331e987876184d02f94c02abb555f92d1107d3436b961553c71df4f33bc98fcc5ef90f29fab01413d3d6be12c09007e82ee755636b3e3538c7b7a26863695f52b4520a0e0c7edfb3446f433fcb86d6fbfd2b1d2aa6f30fcc9e9a08e6c52e59e2d9c6db6c06456afde32effe01a7aefd15ccf0f64b65d8b3e7a0c6887e86bd7b0ff4bb3e272b4d98f8c665d07dddfba48f16ce9200e094495b4f6f94fdfcf918b7ffb57ead0c4d47f76b8ce867f01c3bd02ffbcd42c2a41f1e46d24bd7f7ea3e2d9c2501a051a4228e4093957b51fa7f9351d8cf5ce660b0794eb41622d710ff10451149beaa7e3d8611955fa0f0c9d9205c353d8b013473965cb5a56e6aa4aacb6c7e17a7bc747e4c7612c5027a88d8b869b7c68c7e82cfbfdd0aa68f33afd440365f8e91cfcd0779e8a7887fab0058b5a56e2a09961b15c90f75ff7d069337dc093df801a5143f7effa3c68c7e82b29f360f98b1d8153726be753998ed6b7be08f73a3685ec6b070af377efa378c2f5b0d821878ee26551efb48f4fa6fb7e2e50fbe40556dd79ecc9b9f7c0586897d828620f0386ffeb490dfa726d9b0f4cc19983d65544cfb65aa1d58ab061c244c58fb6bfc203d0861f49961ff8e97318c1441e48647de87714ad9aaa027080e04d8e0c696ed31ad2614167901e0e75d7d1367e8aeddaada063cf6c2bb31edd397df6c8621c6db05630186903171fd6f234afa1041e4928242a4776ba937bf8f53ca5663a0e3ab2fbf8f697be19017003ef9e0ed3e914738eda626d962daa74d0378aa431332c67e712fc8f25de179480a914ef212d1e54650a2e620c67cfebb84985be9ca7741906277f6cda0ecf4b0aefb62fda778e7f597622a8b775e7f095facff348c31a4c5ac4f1e8f0fb6ba819d74a3838092d7ae0c2b6b8b970807298234777551d14b970eb88055c86902c1e3a34f6257e368504ef8cabffae9c7f1f707ee41d9b6cd1084e83c0f41e051b66d33fefec03d58fdf4e361fd66d2e8613193d75bef6f000b69c0eb61b2dc80cc17bbafaf218234d37e19212b945bdff91dd2a55a24120e6cfe09583823266d4d1a3d0c1bbe0bbfc0c117eb3f0dcb2ac612934617c5acadbadd5b909c207a38b4712b6a7e7a0bfcb873435ee397a1270585081ade24ab0ea2f4c03b4834a4fa4e604bd9de98297face7906a62d6e451301a743169ebf3af36215948ac9d63c55f3e0042e4bb9a03b3b4a010418f88cb7d734542b82b9de6fc50b0e1834f31ba74484cda5b7ae68c1e4772475016cc6292318832623079726bfb01d98383921b1b841a6c979ac2be2e522c5b342366cf65ebe7eb909a60ba6857dcb0bdf91bd45ff8782802d3b408a25341627adf77c8f7266e827f9af33076ed3f82e282dca8b7357bcaa8b097934eced529dca51f8a1154f0627c834903069306cc66525025fb914a72dd5eb75d6ac203de9fe10ef300eb599347c5cc7bf8eec79d48e5ab1252178b8f6fc0b77e37c01983cc8109921495ce0591d2be7814890c020a3e7de5ad98b577f315674574fddd5d90b7d394800cefb89211940577e9878675ad41afc335179c1e33f9fceffdb7125617594830ad7d24e877a24210a424b72f7843d4976350e30e243a52bdc7f0f957b159731c31341f4bcf0cdf1d1d4e45a70c6eb82f85bb6fbc206673df575efb18c9524342eb62c1fef7827e2ec920c80efc8565c363a0a1edcc01805d6bdf8f595b4b17cdc0acc9a3e25e26375fbe182386e6c7a4ad46a70bce6d5f26bc1eda651798cd9de3243208901da99a5cfe93c6dc66d814379e7d7a4dccdafbd5158be39ac4575f707a4cf39e5f78e63ffda63453b461ded579b383820e077c2b8a8434a14293561be88f6dc6ce3d07129ec4375fbe1867cd9e18b3f6fefbf54f486ed04a1db520a96667d0cfdb1d33c5ec589b904b475d8182820d6b5e82222b3125f1cd972f8641afebf3f11bf43adc7feb6531b5bc5eaf1f3f7ffa96a67c6d902654755a13260090649bf9ae69cf7a4d5241e0901af1fc736b62dae6ec29a3f0f8efafc5f0a1797d36ee89a38ab0ea815fc66ccedb82e79f7c3e2a8772f767d0840c667bfb2c3c120a48aa0d834d750734498572a58f6ec6773fc6765b5f6a920d0fdc7a396ebe7c714c33b652936cb8ffd6cb70f78d17c62cdadc82b7dfdf80a446adc86030e88efcafbd774842a16942517804d68259a1499352089000b6bff3328a87dc099bd518d3b6674f1985d9534661fdb75bf1defaef81c6e8b575d70d17c634bfb92df61d2e47e3f79f82d5d42d28b8c6e31dacb2a2903494d6e2423ad1a349a90b98e0c30b4f3c15d3f97047223ff6fb6ba3da465f91d7e3f5e2d3e79ed362305dc523dced03cc3414996408a5b5bc815e2370b748f15560e513ab3441a8084991f1ecdf9e841d4e4d185dc0c8d7b7fb9b2114916408a535b465d0d6dcc282a37a37fef5e23b9a2054c23f1e790ea9fe4a4d10ddc02c393b12982739f2e4710ad40028d5192bb03f7f8d97d67cd0378d679afbd77dbbc0cac75621a97eafa6506140dfa1161847c24bd2905b692d28a426a548b0f30bbcf2da87b16fd7aeef5ff70d6579ffef79d8ab77697a14263af29386ec24594a69dd25cd139426a508404081bced73ac59f35e6c1b1e9edabfee1b8cbc8f3e035b8d564c3f1274e4274b2975244328ada12d118c26a51e59e22fb16ad5eb3124701aa0a3d5bda78e0edc37ca9014198f3ff0286cb59adb1cb105eec04f86502a481aca91560293b426a59ece4f0e7e8f279ff8678c1aa381e92a67684dcf0bdc37ca78e2feff43b2e7b8a6303d2130c97670a19523244ba2d58ff1933a4d4abd80a3b20c8ffee911d437baa3dfd8b47cf5824e99e6c0fda2887d878fe3c97bfe88545fb9a6283d75a13bf09325b19b04ef6f2d8be832a46852ea25d2fce578f9e107b1637794d352f53470c384debbd2bae6fb44d1faaefbe2477cf1dc1370c85aa65f6fe0367698e2f0feade455a31d5fb7ec48f2d807695252013678f0e37f9ec1bfa31ddcd2d3c0dd337a6e8933cd81df4789bc7e5ec0938faf46e567af765a02d110395c4927f94900b86ab4e36b1200acb42400802fad4493924a602181daf9251ebbefaf387aac32ba24be610230af207c6baca303d747d1f2feb0792756fff14f7054ed1cb0e769c51afef411adffdfc2591a00cca4dcd0002a85cf1f0ffca0094a4da4083558fff42310f247e39aab97468fc4f30a03f3d81d95c08e2aa0de0b943bdb5b5bbb3eb054343c2d6ac4adaea9c32bff7a15490dfb61d51ebfaa10069dd2faff66327038370d00065a3e0e1e2972f608b8c0c1046d2fa6dad6983df4139ef9fd0e248f9b81f3ce9e173d229f9215f8d70758b5ea555007372149db90a03a9aa0839c76b256b981968fb7129853c45d00371a002a8cf92874efd124160598153ffc3faec5939b36227fda1c9c3977ca8018d72b6fac45e3d62f60d636e1470d95d6f6070d0438db5c13cb4013dfb47c519f3349935694e1909bd0f4c55b78ecde07e0f3f7df83e37c7e1e4fdcf347c85bd66ae48d32eaf3a7b6fbbb85b324003082f051cb179eb1e768d28ad5fc58ac437d930bb50d4e78bc7ec872fc077b645981c7eb476d8313f54d2e24694b433181774cfb43ce5a384b02c065a36c076db42c0080925e840a5a5b0f8e25784140a3cb8deaba46343adde005310efb28a2d1d9dc47971bbca06d3d8d158e7059501cd9ad7fdb6859b86c94ed602b8101c04a09ad87cf1c1d728626b5beb06e8a0c8fcf8fda8626d43638e1f6fac00b221425f696595114f08208b7d787da06276a1b9ae0f1f9212bda96d358e3c4f0f3dafddd96abad6b0966522a039005009e99bf80b0f33f60b4fdc17d6a955bac1c01020c4383a129b00c0d86a64151ea6efd942419822882174408a2044110a168ebb77def3a838667fab5edce4f69e66a7b021b69653d807900a0e84cd8e7188be2fa1f3509c6011428ad847637975f200912344d81a129d014059aa64010004110204004fe4bb458d3804555a004feab00a22841942408a204519434cb1aa7d89b791a880edb089bb9da9ec006092f0078b0e5efaab31f44e1eab99a158e63779b17646d2e3ac0ad6fdd597feaf4793357d16e0ebc6c84a932953959d54eb1676277fa344d8a1a34f411760f5e0c18dad7034f6544cfb211a6ca4e0406003b23fddcf6efbab3ff0237384d9251848e65b5be6be8847ad284c6b3ffdce9f38e1c6d476013297ed66eee65b463db94db3469461176ab0949360b0c3a0e2411ff35c948828441c721c96681dd6ad21e6054621e40d9bc07837ed791a3ed34c64c48cf75fc817fd2c5d86f18a249358a60191a56b311290e2bac2623588689c33e32b09a9afb68368265b4ea2d51739d9327422c9915f4bb8e1c6d47e08b4bac7bd359d1d5f147c7963ea7b9d2b1b06e2401839e4392cd8c249b0546bd0e2cc380e870087b2c408000cb3030ea7548b259906433c3a0e7409284f6a0a2885ac282ca0b5706fd2e9d155d179758db1513ebf41a7590c2960ad0ed122f156b1a36cffd0ba6acbd1524a1ad0dc6ca2ab758394551026bb3a2089e172188222459ddd5018a24c1d0345836b0ceccd0140842236b2ce1078db20bfe0970c1cfde7290c2968e9f7522b085515e810f533b7e2e8e38039b0efd88f17bd768928eb535248856421b9b4b37cbb2d2bc8e2b36afe9cacd6bbc27d77a5b32b85ad68403ff0dfca3a99675641a34456996350eb079c22d90b34217d5b030ca2bdd12f8aa12e3ca9b7f941ef74864a7888a6bd1efb1fda5631851f9a526ed3870b75992d6e6a203045bf216c1377579c8ef0d942c5f5562ece45b070d7b66d042c88a6cb5173f839f2da59ac4356850097baca3d170de435d5e138a9341096c63c4b7bbbad9f1ab5ec57ec3504df21a34f412fb0d43517ee57fbabd2e14278312b8c860bc87ee22584510148e5eff2e0e6824d6a0a1c7d8672cc2d1ebdfed94ebdc699e4b28283218ef099bc0330711be5c4e38d45d078e5ef3068e7059da93d0a021421cd6e5e1f8d5e11dc793cb0987660e227c41c91dea47765a781d60bb4cc35228060756ac03f1c41ce408897b5c860b1c9aa0c7091f853a8941bdc4815748880a014ecfe1a95bce82c1a0876300662e2dfbf3df3a7d56d7e882c7e3c5ef56ad4379453d6842014bc870503cec348f0c4e86155e18e14b487d39c2e5e2e08d9f847d7d808b21bce1ae7e78d3ff24d92f87b7be3078e51ce4fa073e896b0833ea0813aa780ee53c8b7a18202a243c3e5fd08df763876460f5ad0b125251fff2f2b778f58b5d41a660040c3a1d6845440ae343b64e420ac3c32a36c0213b07bce58d84bc1c292b4f9e127af377976b10b9acb073af8f0b2be47c60c53a904fce46363fb0cebe39ac24e1b862c1713f8b2a39f8023b2f0821ab668c1b92864445514e5270cf4d09ec6f06c3e08468c289d6dcbf144016916b1090c5894856ea912bd50c18791cd2e5e3d08d1f47f49b5c56d8d9e5fcb8ab2f9318e9a9bd3e3c19f6a4fceab7c13e730652a5ba7e2b6411044e200907642b767b4d10d17580419203952c4261c2b0cc8425707e5ae8d2ee822882a228501dd30d481a477c348ef800282630720a46db25e412f548156afa6d26e0093a0d47ae8bfca89d24467aaaabefbb758fefdc247a6a042aeca3db89c60a8c5975062cfd6c7e735cb6618f68c33ec10601e1ef0af2fafd90bb486b5cffd0322459f40949e0da262f66df1e3a738f2449e8b9f073ec69c98b52a30f85542dd2d17faa61d693666cbd766da7bdbddd219991bc7f194b1bbabaa65b4dcd64f9cf226954b1a663eb8247202bf19f9ae79219ec20b2f182a704ef78076397e08888bc822876495e8240c29217088c5dcf8676f2e46ebc974ede11a5c7569f1d6fba0bf16fe750ec2673e055e23b138d07851de73c153179c3e55eb7a37790c26f00fd5991342c0d9b891d5b666164f9fab814ea11c98add722af6f23d3f5f576e99c775758d28c2e5e361d225eec6f7dc342bf61cad0dade082008aa24046b871a2893461bdd304597660a4d98b21f2096492f11700db5e701ea4bc713dfa6d807b5da35b73737189756f81ceff73c46ec3d97f854b89af2d8855b209eff88bf0beafa057e40500218c5a5492c8e3d5cf13fb981a3f2faa22cbd06e38851d6e13def614e253a908758a217ea610a405cec5f7f5e8b7053affcf1db70ef688c00090c64a7f8bb4038ace84033933e242904e428fcfa542bcee1d8ae3a2b1d7f713a54045c76e65208978ea950fd1e8e11392bc958d5e1c3a72423579761d7c21b0cf67c4cbee21f8811a0a0ffadeeb3958d4f3534ec2e55c58045e5e6c7c2e8b15ea23ed44c3c4e57dfbf6078d1f945cbce82ac64e9f45957b2a61b8cead2eb424a2bea109bf7beeb38424f06d4f7c003f1f5e30b3aba5b8c8884ce17f4d26bce82c4219930f51e9bb3245ae33eee8d1efb258a17e79b1f139d5080c00190cffaf88e7893923d15745690f2119ff7117e17f9e6455ef2b88e19f94a0c801abf2d1866ff0fef707138abc2f7c56866ffeb7b95506e1bc18230968753b7d2119fcb7c181359e2254518e988fdfdb0b0f2012ae854de0eb869b6e49a2c5c8d68648122ec4764ee202870f7c05f8d09d0b9fca6580a4e60df4615beb36cafbfbff5b838395ce8420ef8e237578e8d9373ac9209c97a324a97bb6b0137abcde948f2fc5c1f011b173ab7d64cf742f89167dd70d37dda23a8101208715de88b443346253785c01815d44065ef214e3b0149db3e1f9082d445be5757adcb8e477cfe3449d674093776f79232ebbfb59f8787fc404ee898cc3c576bf0dff760ec5113a23267260e59ee54144cab18808bc6284e1d296530cc39a8ed497c3100302bbc0e14def106c7065446dced3dd9a6f500277b0261555d5587af72a1cae760f48f2961dadc3d2bb9e466353534819743bed8a706d38a29703c1e2fdc60c7cc417467dfdd8080144636544bfb1d1b2b06284e1d2a8111800f239ff3be15e6bfef2e9a82bcd01a4e065f73054cad1dbe923cb3d3bc22498f5395a7e024b6efb07761ead1f50e4fd76572596ddf60fd4d737762b836e89260811bf2c23c141c18297dd4538015b546562fafab9a871abc7045e31dc7041b85638efc0a751138e08125fcb05f8d89d03be9b7ce558bbce270333c195b0b6be1e17def6245ef8acacdf135796153cfac6ffb0fcee9570793d61cba0af5ce91678090e6fb907e127e445ad8d9c7d1f45667d871b2e883a819bdf14ddfae9ba6ffe8524253af9aa75b21eaffb8bb1d56b8dba824623b002001eaf177f7cf2255cf6e7d771a8cad52fc9bbfd501dcebdf35f78f2df6f4394d4255ca401c39e81c0467712de138be189824b9d2ad583fdf14dd538157c043dc49d9b446f8d40e9427d3fecf1e94817ab55174a0d8c78c73d187e44fff4025996e1e3f91eaf4fba2b0e867d6ce79973a6e1f68ba723cb618c7be2ee39d688bffe7b3dbedc18def1b3e68c829ed18b20a063599064f4d7726da4178b74fb6021d48dd91ce5b2b07fc5ba2eaf496624df5fc6d23d4a9aefb1647259fff3a1be336c78322ae4ad82196fb90b62425e001024a957c9052445857dded107ebbec28ce5f7e396959fe2684d7c06b9b61faac3557f7d1b0b563c1836797b73de93a22810a2e0fd044383acc79bee2168844e5d37da7f1cdc0faff4984b51b3c00070ef66beee38cfd8dbddd0d784f1ff980aa3cad1e713b0e13d773e44c426b3469424f8f9dea5407aab8f042cb914d901da144561e6a9a7e0a6f3a66244bea3cf89bb6ef331ac7ae72bfcb0657b642f3082044951d0a7e4f6aa7d8e654153544cc6caca7e9c6b3a842442bd9768130cd8f48b6f01a6f3da70162bd4df3b86edf143ee95e39fab17ef3dce338fb5f3fb5fb94975f21ea353f16e6376cc1456edac2092a20099801c6644569224acfb7223d67db911234b8661f2a8a13875d4209c5a1c9bea1e6e9f886f7696e3dbed87f0d50fdb71e858e4a592489252cdf51544111449c6e4a8179ee4f0967310ceb31d85436e54e59e1678e078f337a8bbe889a01ceadd2cbe9778709b7fcf3e2f3b1400e89d1b70ea272b543d8aeb2892f0813b2fa62999bc20a842e0160bdcf6c5204b1214f4cc2d671906234b86625c49012696e6a228db8e747beff71b1faa7262d7913a6cdc71089b771d40d9eebdbd50280224d5fe5ca5de5a600081739b62786a232dfb7181f528ecb23a81581104be5dfc4fc805135b3f2bd4f33fff762457d4a7047e69977bdcd74efd8fa24260e4a313e0509c2a92d78ef7dc8362ea2e4a92041fafceeea18e046e812c4baaad731af47a0ccacb86cd6c82d56c4092cd0c8b41079bd900bb59078b914393db8fda262f1a9c6ed4393d6868f4a0c9e5464d4313f6ee572f479b244990646757570d02038103c5a918b9d200c0c87e9c6b3e8c64a8b34a50492763d72fbf0abc20080553cddef117171b7fea530203c0133b3cef1e5b75db596a6ee02f57ec78cf930f2986476b2a8a023fcfab76f25f2802b7b4a5c8724473e37805499020ba7071d522304592e05836a6a726b2b20fe79b0fc20eaf2af7fba9e0023817df879146ef7bbf186e58dc6bd9abd1a95f0c372cce4932aa36f13daed8f09e3b37a6e46d095c49726c084510015793a2e87e7b8c274110a028ba93cb1c35ef48967bbf6f38e239b10e6f36e5a25151273a3d62ff9b48f39c70a9415ed5080c00c651731fe00d49bdbe4f23f478df930789a062faa0a468e4e086a1d42d24a028ba574b2eb1b6b82d7dee96b82a133b1a672377073f65c4bb9e41f02b2ae8a4c1862cd7debfa9f62cd4bad1f24573efe5c72d39d2db89fe479e3c48a062ae946204fb7c2309e8446a91698a0649c6dfe1da044180249bfb1781c52554f6a214458118f50cadce70428fff8abd8fc7f0e3961cb961d18cfbe28ec00070dd4dbfca73e54decf1ebf11b31bf4f6a1a09a2181dd78ce811534092272d5c5f92b985b427fb42466e51a3d075312669969db18fb7a04ce9f9764457de44f9ba9b7ea56af2b5ea3e1b3bf2f4a72536f274c07d4a0a76f8ed317f28b22c47f18d4ea840a00099699a6925344990aa5b36024420f1a299b027dbebedfa6b745e3e620fb677aa81cfdde9a842e4051125d60876e4e9aa6fcf539dc0cb2f59b6c233f5ea0391fca64ed1639dbb6f4e30104411b212a56aff2a5bce16429314058a3e49328aa45a13274822f08f2002c43bf9efe4772dcb3d545bb2d201d798543b61224ade83ac72b24d24cfe07d6716fc114ef33c53af3eb0fc92652be29ec00070fd753714d48fb920acc55419c0a7bed807ad5a1f08194df79488894211e449529214d51cdd3ee9fa06fe9dfcae85ec444cb29b887efaec42c3471af08d18fed258fd980bf8bbeaa91800000bc249444154ebafbba1201a7d895ad8d332f39ae50dd9a7747bdd66391b7572dfd5f26569060c43478d5c898e68c9806168b034d367e3dae5b7e32899d2ed750dd9a7c032f39aa895678d1a812f9b98b386997ae9c7822ef49edd3a18f1bd37a5cf952c9a24d630f0c8db824f9d19f076b19d40d059c14cbdf4e3cb26e6ace9770406806bcf99b7c033fd86a095bd2510f8c4930305f161a5a24262cd02ab2e8378212f10a83bfea53f27f4bc77fa0d27ae3d675e540f878e7ae6c08d575d915937eee24e595a9b951cd4c7d13118d12031d14f1233a2cb5f724092b705fb443b0ea273edf1ba71170b375e7545d423b331d130dbc29bce6fcc9bd4fa772374f8dee3884b855393c404496904564906f148de166c70a54268530db5316f126c0b6f3a3f166dc784c09796dadfd39dbaf4859654cbef85ec5835dd43a1a8e4f6919a05564b0624e2773ae22374d845055c69de9004dda94b5fb8b4d4fede802130005cb9f8f42b84e9576fa9206cd8cb5be2f661a8599758b3c0eac940e8a3c48d70f14d93051e7010a65fbde5cac5a75f113b6313435cbb7cf99883537e5d11cf0aa76662874660f564d057891b61f78f607068c66d15d72e5f3e26b6de628cf1e42f2fcc2898bec01dafe45533275a23b0ba32e8ab1ce87050307d81fbfe1b2fc98875bb7d32499b7beee2c119e366c4d59350a2f086d708acbe0c8428ec1aeb2d32c6cd10e79ebb78709f8418faa2d1cb0acd55675db0746652f1297133a9f1ab753e6d3be5d582586acb405114f805216ec697547c8a7cd6054b675e5668ae4a180203c0e5a596afcfb9f29a4bcc79457dfe10c4289dbe00824cec640e8208c840654892d4277b823bc29c578473aebce692cb4b2d5ff7551ffad4445c596c7af98215bfb9894bceea73ebdb5f5cc844769f63f5ccc201979c850b56fce6a62b8b4d2ff7653ffadcc7bbaac4b8f2e2dbfe701765ec9ba525bf4a15283502c77eecd17e76a140192db8f8b63fdc75558971655fcb382e266957979afe72d93d7fbfb72fda96a31c10d108dc7f9f5d285c76cfdfefbdbad4f497789071dc4459ae2935deb7fcc1e7ee65adb1dd9d14ed233b3402f7df67d711ac3505cb1f7ceede6b4a8df7c58b8ce32a4c7a4da9f1be4beebaff2e637e71ccda64e8e86e2324a8c4dda618edb147fbd9b58531bf1897dc75ff5df144deb823708b3b7dd18db7dc94346ada80b0c29a05eeffd63769d4345c74e32d37c58bdbdc4e0ef1f8e0af2a31ae5cbdcb55f7a92de93f47bf7827ea2f199aa6a356305c2370f49e595b0ccecdc2e2d367627469116459c68fdb76e2ad8fd6e344554dafdac99971b67cfa990b2eb9b2d8f8725cca389e15e085b2a6a9ebd6ad5fbfffb3d7d968b7e5f1f9a292e1a3c8127cb5c71392c0baa4aca8909820081874274f4a983b7d12aebba4f3ee3db7c78ba75e7c0d1b376def513b057397f073e6cc9edd97ebbcfd9ac000f0e23e67ea176bffbb6fd7472f9ba3d98e208ae0a3b4b6d8d5194903196a9d89d4112cc3b4ce7fafbbf47ccc9d36a9cbeb5f7b7f2d5e7b7f6d446d142f58ea9c31efb4c2becab01a30046ec1f5cf7c707cdbfb6ba256e1405114787cbea8dcdb577b1c8a2c2514790992822e293a093a069d0e85f939b8ee92f331382fbc73a3376eda8ea75e7c0d6e4ff787948d5cb4acfce9ebceccea1772ee4f4af1cb673fdcbc65fd07a34577637488c6f35149a9f437544216fc09456092e1c0d9d43f909ca2282c9a333da8cbdc1dca2babf1d48baf61d7dee047aad2462b46cf3e73cbe3d72e1cd35fe4dcaf222cdfbfbfe699e57f5a39a8bad135da5f5f1d9536a2416099f7419184842330c5a95ff3eccc39d371c3a54b7af45bb3c98859a74e40a3d385fd878eb6fbce32b814d3ce3cf785072f997946bff274faa372fcabace9ac8fde7ef38d631b3f53bd485234825982ab1ea2d7995004a6f5663026758fca31e87578f3d9bf77794d7d63131a1a9d686872a2bed18986a6c0df6dffbfa1c909afefa447943d69aeb0e09cf3cebfa2d4f25e7f9373bfde2a73fd331f9697ad7b3743f2ba54bb272f08aaef0b16bd4e08aefa84223063b283d6ab1b779c39793ca64d1c1b20633321eb9b091920695364eea7de84d2398b4f3c7dddc2ccfe2ae77ebfd7edeed7377ef4c37f3f3bc37d78972af78b46304b167cf03754251481395b2a4846a7ea3d0d3a9d6a273d18f38a31e1b4b91fdfbf64d282fe2ce701b159f599efcb97adfbf4a37f1eff61832aebc53ebf5fd543a413712d58ed35608a24a1e33855ee953561163fe7f405cbaf9b98b9a6bfcb7940ed36bfeec9b7f6976df860b0ccf7ce828a92a4fa56355fcd31288a9c10e4250812bae46c55efc9b16cafd327495687d259671e78e6a6730b068aac0754cd97676e3ab760cae20bff611f5cd22ba64423cf9688d3a2e451217014c6dadb67621f5c224f597ce13f061279079c056e8bab1f7df5f0cf1bff9bdbd33563bf20a85ab64570d641f4b91282c0b4ce04c6acdec91b344d83637af652a08d560c9d74da91e77f7d61de4094f580cdb4dff4e91bffb7fccf2b098f429feaaa381af138498250758383228be8ad6bdf6f944a6704c970aadd8f63981e05af32469f2a4c9ab7e0cf8f2c3ffdec01ebed248242ddbceae31fcabeffe6144ff981887ee7f5f954abfa20f33ef81b132312cd595341b2ea44a04982805e17d9bd0c9983513af1d4ff3d76d5191306fc742551e6654f7f7368f2b75f7ff5fefeefd62529627859516a6e7048a448b49a11e8b61b17c2997b174c9e533b65eab445d79f9aff5d42c41b9060b8e3c5b57fdbbd7ddb2faa766d0a6bc9c9edf5aad6b6b7e61830d023d10409bd8a1168a35e1fd675a9c563f96123463ef1d7cbe6fd2691f439618b165ff7c87fd61ddeb37b66d3f1035d46e2fd3cafda5cd85f5f0159e407b45c499a05674f57e55e34458163bb7ecf5ab206cb7945c33e7fe6964be624a21e27fc11f22b56bef5edfe9d3b26351dde1d5416922cc3e757672711efac85e4730f6879523a235873923aae38c7810a71b283256f985250327ce3ca15e74e4964fd4d7802b7e0e6e73ef8766f59d9a4867d5b3bc944ad0d0e899013ad560e74c7aa1b2db0158e528694966e7cec9a33a7685aab11b8137ebdfa930dfb77ed9c5eb3ebc7d6288c5ac12c59f0c3df5039a0e5c7d9d2545942ea18bc4a2e1e2f1514977cf9e895f367695aaa11b85bdcfec2bad7f6ed2e5b5cb1fd7b5601e0512398a528f0d61c1dd072d327e7a8721e9441af0701207dc444be7058e9bb0f5d3ee7024d2b3502474ee4d51f3e70f8f0e11b0e956db5f9ea7bbf8eebab2b872289035399281a3a47ef77e6e9eca9c82f1dd5909797f7d443572ebc4bd3428dc0bdc6c31fff3472ff8123ab0feddf37ba72e74f544f4be40ce440566f025824c321ad649c945f50b8a56070ee95b79d316e9ba6751a81a3823f7eb8e977fbf7ecbbf1d0cf65190d7b23d3b3811cc8ea4900cb366424f287969e28282afcc73d0bc7fe59d32e8dc031c51daf7efdafc3fbf62d3ebc7b9bcd5d7eb0dbeb0772202bdc0096317310f2868d6cc82b2c7cf7af174ebd42d3228dc07d8ecf0f2abab7d6bef762f9d1a3732b8f1eb2398fed0f71a5026ff5c00c64e9537242aa9439bb006939f90d9939399f9d3befaccb660e227c9ad668048e5bdcf3f6f77f3871e4e8c515e5c7f3ab0efdccf86aca5bbf1b889bfb3b6ee2d7256722357fa8909e9975282337e7a53f9e33f13e4d2bfe7fa319784882a5d73eaadeb879a3e2e9c3876ecfeedf957c76e938f370dbd8c0212ccd20a567f9574a51f9b9b4bcfc2e0d758d8e682dfedba3b13f9a81871d5876f98bf88533872a9edcbfe3f1f6e573b9f7cf1f737e7afe80f1dfcfef43c2fd4cec9c0c7c920aff052565bf0b8b4b3e925154d9616062d711a5cbf37234764733f088048b2e7e50bc77fb52eccb672f9cdebf7da9fafee573a1f7cf1eb27f7afe70c0323624a3caff179492ff29282ef94e5058fcb6b894c43e2555bdc571fa02f747636d34038f022240c1d4e5219fdfbd77faf0ee95fedf3f7f45fffefbc7f7fbcf3fce3fbf7fb1fdfefd8be5cfef5f4c7f7efe60fcf3eb27e3df9f3f18fefe826268c66766e7646066e38060760e061636f6ff2cec1cff5958d9feb1b2b2fd616165fbc5cac2f49d9989e913330bf36b0121b18bbc4282fb266447ae190dfdc10d0039f989c9ae4e1f3a0000000049454e44ae426082, NULL, 1);
INSERT INTO `user` (`id`, `firstname`, `lastname`, `useremail`, `username`, `userage`, `gender`, `userpwd`, `streetno`, `streetname`, `postalcode`, `city`, `province`, `country`, `userenabled`, `confirmationtoken`, `resettoken`, `createdon`, `lastlogin`, `contactno`, `filename`, `filetype`, `picture`, `tempactive`, `userrole`) VALUES
(3, 'Yogesh', 'Lokare', 'yogeshlokare12@gmail.com', 'yogesh.lokare@tejovat.com', NULL, 'M', '12345678', 'Unit 16', 'Wadgaon', '413504', 'Bhoom', 'Maharashtra', 'India', NULL, NULL, NULL, NULL, NULL, '545454545', 'yogesh.jpg', 'image/jpeg', 0xffd8ffe000104a46494600010100000100010000ffe100d445786966000049492a0008000000020031010200070000002600000069870400010000002e00000000000000476f6f676c650000020000900700040000003032323086920700800000004c000000000000000000000000000000202020202020202020202020202020202020202020202020202020202020202020202020202020202020202020202020202020202020202020202020202020202020202020202020202020202020202020202020202020202020202020202020202020202020202020202020202020202020202020202000ffdb0084000302020808080808080808080a0808080808080a080808080808080808080808080808080808080808080808080a080808080a090a08080d0d0a080d08080908010304040605060a06060a0d0e0b0e100f100f0f0f0f0d0e0f0d0f0f0d100f100e0f0f0d0f0f0d0f0d0f0d0f0f0d0d0d0d0d0d0e0d0d0e0d0d0f0d0d0d0f0d0d0dffc0001108008c008b03011100021101031101ffc4001d000001040301010000000000000000000003040506070102080009ffc4004010000201030204040305050605050000000102030004111221050613310722415114617108233281a1244252629109153372c1f025346382d1183565b1e1ffc4001c0100010501010100000000000000000000010002030405060708ffc4003f1100010301050506040405020701000000010002110304122131410551617181132291b1c1f00632a1d14252c2f114627282b292e12353637383a2b315ffda000c03010002110311003f00b961b7af5c2579f00974505464a78095c50d32714529486814e08eb1d3494211162a6ca742dc474d28adb4529497b4504960a51082d36f71b77de94a4021903e5441d125ab434e94d8407828842126961a78285d4925829d2824334152029b0921b7a901493dc30d404a784b228a98514ae38e9b308a32474d94e4654a694a16e169a8ac3b81dc81f538a05d19a280388212543a9652415041208009c81b8c0233ed91ef42f0460aa47c57fb60f0be18cd0c7aafa700e63859444ac3f7649cea507dc46b2b0f502ae762d6006bb8301c408971e4d91d2f16ce8acd2b33ea62060a86e3ff006fee24e18dbd95a40bb0d4c65b831939035366107271bf4b48ce37ce6abd5b458e9825b7dd1bcb5bff00a80e3e0ee32215f6d83f312ab0e61fb4c71a727f6b983c6ceac80c7e41829e5e9c71ea1df4ea380403e6d43192fda0e3de6b5919e01d8eb3de73bf6dd8cde6d8a965083078c17988e5375290548eb2911cc2400b619cb29977dfcc1c0c6950723319b7b8e394687118f8c6ec08de6347ff000cdc442e9bf053ed4534a21b6bf085c82165072cf8fc01f719760321b4ee31f89986ad0b2d66d6044804786994f131138624dd6831936ab1dcef3725d3e986008ec4023e86ac872c9842921a912292c90d38194c21239a1a7ca6c24661a29a9de28ea3254895c71d3094e4a1569a4a722aad3520b7028229171ce29d189e5d0f26819d08353b12400141206493dc9006e4900134e68930881261702f8e9e3dc9271a75d45ada14d76d6f2a858c5c8833a2e237f2663b9dcebd4bf74a412349aaefb51a5585369820660e338ea37b4f49df2b7e859e294ea75e13f65cfe7c68bc6590199834a089240009595b72824d9d236fde442a18139cec073adb6d56030e3899cfde3b8ad53499230c936c5c799d46a3b67763bb3761dc9ec0761e84fc8566b6a4bc89c559bb84e88bc462d23abaf46ac7931b90b80b9032a73f91eff3cc9da09d67dfbc54777043b5e67fbc591147940073862c546e300777c64e5719fa62985fa1f7ef2e4881b929bee76760eba5511df5b2695751ab2760477dff0011391db23b53a493338f84a6a6a4e60646d4a4ab29d48ca76f53b0eddf7c76dbb55aa55cb1c0b4fdd31cd0702be9ff00d947c4f7e2bc1a09a51f7b096b691b180fd23a51c636c94d21b0079813eb5d251ac2ab6f0187918c478e5c0819ae5ad74bb3a840e6ae074ab40aa093cb1d3c149239a2a9014c8490c352028270892a094e4a5169853c23a2d351445a05259a00a2b0e808208c83b11ee0f7a492e23fb6bf8412246b7e163957abd36091f4da38d97112385ceb0a5480f9075498d3800ae75be8f6ad1506633c7deb8f0deb7b675718d32a98e53fb324cf8791570ca186e02827dfd7f4af22b7fc43498e2c6bb1063de8bd5ec1f0ed47b45470cc265e7ff071ed466221b248c2fa15241fd7f4c7bd4b62daada98aaf6ed90ea5800aafe2b1bab00e08db1faee467b64fd7fd2ba6a3583fe55cad6a2ea661c9b950649c9dbe58fd739ab4aa1439e63ef4f9c50843d7f3a49cbbc3fb34388b9878bc25bc892d948ab9ecf225c23b01fccb14609f5d23dab77673e441e3e87cc9f1587b4db830f3f45daa456ccac14274a74a0934a94f050498c74f94d84a2314c4e011d2989f08eb4125b8a08af53525ea08281f8ddc045c70db84235285d720f283d3507538d440cc40f5bbe7eefca19b00c35df768d476e6b8f38131d7257ec0d9b4d36939b80f12aa7b68e08d55ba994000033b9c0ed8ed9af922a9351e4c62beb5a5dc6068c90268ed6f3221b5d2c363213b12463b76dfd7d4fbd5d654a94801975542ab18e712e783c2173678b3e0a1cc8d1823049ef903ff00a3a7e78aed766ed80203971db4f63178bcce8a80e37cad341f8d763b641c83f2aeda85be956c1a715c2da6c15acff38c133744d5dbe37acf85ae29c0ca4bbcbfb34383110717b8df0f35a4007a6618e6909fafed03f4addd9c0c1f79fecb0b69bbe41cfd176ad6d9584b56a410419169c0a108056a494d8594a6e69c1190504f08cb4d496f42515ea12942f628230a83f13f98eee7b9e2dc344770ea2ded9ed9a2f2c6892c4a648e6d0c2499e7984a8b80ea8837553866a3b4ad828536d26b1a4b9a6f482499739b84cb40007038e674dbd9f666ba2ade8839f10b95adfc27e27716771c4ccaf15b41322476923c85ae181d33375350e9450920bea27f0cb9081016f2d75aac14ed6da7d932f1c2630074107327edbcaf4d165b7becae776af818c6a5a33386386835829a2e3885e43a91238bceb901103b6ffc0f189096f50c8739c7ad5afe3db5a09c07281c8830237caa86c35a8c869249e249e90ae4fb30f8ac9c2f854c38e5bcb7464bd79225923b5bd631c9040a2391ae256921d0f0c8fd26d382e491924517ed2b0b1f729b448fcad8eb901c277045bb2b69d46079a85a37b9eef4959f113ed25c1a68d85bf29f0d980c90678ad62391ea121b593b0ffa83d6add9b6c5165404b489c326faca65a363da8d337abb9d1a0bc47d4fa2a52e78cd94e1ae25e11c2ed4043d38208644567cf94ccdd4d2554125b4c6a4e91bed59fb4b6e3eabbb3b3b1a34bd0d98de21a04ee99c55fd93b0a95302ada5ce3add9cf703ac6f42e60f09e6e23d310436cb2ca88f6c618a2b785b274f4331054c3618217dc385c90198d676c5b613696d075490e25a6f126e9d09ccc68601ce6305b3f10ecfa7fc21b4b698696c117466d9ff007c174e7f675f2f491708bb95f204fc4240887b810430c4e48f43d40e847fd3af59b153730398f1041208dc41208c30c0eec17886d2702f681bbcd75562b4d642c1a412426a329211a720b45a7241190d30a7a32d09496f41159c5284217a914534717e030b6b95a243274caebc61d9543154661866505890ad90351c0dcd2755731a60e0278c729c8f2535224b8341c091e6b983997ed1b636d0c3c35ac27e9c2af831c91468e64046a6424020636d07719f53b7cca2cd5ad94c38c664c9249278e0725f5187d2b25573af41c045d10d034188cf3c9477c35e3ee2dfad1c862b6ea4890c6d182574e180209188f2c428df4e362010051b5d3ecdc1951b2e024c18fbe2af537b2b4be9b85d27091c1573cf9c6a396463a406c9d4cbbabefb36e73efdf71db35a764258d819693a7059d6a01eef38c8a88cae421555c67bb1ee7ff03e55649bee0e768997035900295720f87927100b1050218a449679b3a5d156390688c90575beac61fca06e738c352b4db3f87976a4100684c8c4f2e1c94d42cc1ef1c231e8a1be3873aa431c5676923791d6469919810207768b43858ceaeb1698ba2a80550293a751e93e1eb238bcda2a6790ea3ed82e7be2bb6b594d963a473c4f43978f92efdfb2e7244bc3f80d85b4e089424b34a0ee43dc4f2cf827b9204801cef906bda6ca08a72ecce3e3ebbd7815b1e1f5496e580f010ad5c55c54560d20921b51d524334e49050d38a211d29851455a08a253525ecd14966822bd8a092e1cf127c3764e2d73f7b616b1c32698cdcea7263645951c4411b5284758fccc012bdb6cd7925be9b6cb51d670200712230804cf862bdcf63936da22d2f24bae8d0192046a4019205bde5cb2b877b39ad91742bc08d11cf7cf47a6230a77395727b6c7735c5db29d199638dee3f7cd75941d51b8168bbc1422df82aca188040d47493b9c0ff43fa5547d434cc70565adbe2533f32e84f2e77ab36705d8a654780a3c9c7674578e29a48d24ff001155caabe36f30077db6fa5680a14dc439ed048ca745585a2a3010c300a5de1b78157bc6788c2618c3c16ef666edcba26885a662f80c72c59124c690db8dfb8aef761d1ed185a06449fb2f30f886b8a7543dc7310398fdc2fa946bd0c05e5ebc68a2b04d390427a2905a668c218202538a40a3a1a694f08a2804514534e092f6281292cd2497a8149739fda6ac6c12ead67bdb659849114566d413546c495f2e32da594e1b3b01f3af30f8ba9d66d5a75696008209e47ec57ac7c1b5693a8d4a554e21d207023ca42a2b9ebc47b358cadbae9041f2ae401fe51d87e79af3ab3592b547778752bd2ebdaa95261833c956b7bcefab023caae06c7639c6fb7d7d6b4bf81ba7bcaa32d61e304c771c419ce7b9356594c30289ee2e448e0c2ef4264a18b4297f85df685bae06d37c2dbc3706e8c31b2ca6418e9190ae8e9b03a9ba8cbbe40d8e0e307d33e1aa9484b1cd249ca081e60cf0cb9af31f88acfda383898027dfd17d12e41e6f5beb58ae02846745ea47ab574a42a19933819182195881a9594e06715db57a2ea2f2c3d0ef139fa1e20af3ae4a404540125ab53924273442108469c842029a72411d0d3539194d31145534925bd3125ea48af524122e2fc121b8431cf0c53a13929246b2264763a5c1191e8719151be9b6a0baf008e2a6a751f4dd798e20ef06150df691b4e0bc1b86cb75fdd3c3e59e4fb9b68deda22ad2b0fc6fb674443ce74e0938008cea0eb3eccb210eab569b6e3049c07789c9a371275d0027457e9dbad6f78636abe4f1380d4ae1ce0f6a8ea8c762c8ac46e0648dc0efd8e76af1cda4c346ab83461263870e8bd9b665515a9b49f9a314f51f0c03b0ac2bf39ade2d5bdcdae06f4e6bb728dc3056a722f8370da5a7c6f128cfc4dd624b28096125ad92361eedd01189ee9888add24074a80c7fc6213d7fe11d9d51cf16b708680436757119f268c7e99c2f29f88adac71ec198e389f4f7feeaf2f0c38add584ec2e2178a191524bb2e1912d55f425b2a96f2a8850f9cb1184ca9f34073ea15ececb6520ea441763700209700093c4971cb8c1c9cbcf9e4d330e9f7e8afcb3e211c83546e920fe246571fd54915cad4a552918a8d20f10479a41c0e45109a6a284c6884a10c8a49929321a91108e8d4cc93823a1a6a28a0d22125b834125914c28af529496452292e53fb7472d4f3c4842314863568bd9e672d23007dd6155057bf9d7e78b2ea8d7590d269c6f171e42001ca4932b4ec6c2ca979da881e6b8b7926f35c6a0f704e3e609ce2bc8f69e2f277af50d9248681a853db5976c63ea7ff00dae31e315dcb316cab7fc1ce58e0c934775cc3c420b2810abc566eaf24d73df4bce91066b7b63fb8660bf1054e905158bf55b2b61d7ad76d0f6430fcb7886df23517a25a358c0e032cf8edb1b5dac0685032efc447e1e1fd5e5cf2eb9e46e19c2efee7e3a1beb1e28cf2bca1a3b8b76e9c708fd96da28164668c2052bdb23aaf9c0518f52ad69a8da5d886b98d80220ff719d673e30d5e63d9f7af1c4fb85ef1e786cc387c314a5916e7885ab5dc87569082e3abd3cc6c9e6710b00048a73718c8c55bd935832ad5ab4c02e6d37dce1dd89c41c8389cbf08515a1a0b5ad764489fb272b6e5cb68423c515b43a115a40b1940758564024f34e26008df5c81d8ee14236a0769d7aad2daaf73a4e12670e5f2c1e0040cb310bf85a6d8ba004a167c83b98c8c6d21550432ea5225d2913b3af982b2db8233873da9cda94cc6b3bbed89006f05dc940fb3cfbf63c9024bcc675797490ad9054c6c7b2cc8dbc6492006cb464ec24276ab5d94fcb8ebbe46f691f30df9119c42a6ea4464b64941dc1cf71f983823ea08208f422a23ddc0aad8a0235141191a814f0942b5312440d42539101a6ca0b70682308b1db9383b004e351385ce093ee4e0024e90d8c542faad6679fbe9e2a7a745cfc922e3dcc315b42d36912848de6691d9a3b70a8da082748773ab23488cabb023aa8065c59c3ed3545261824c618912267765c70ddbae9a2da2dbce0b943ff5972dedf4b6fc65214e14eb2a7dd5a1692da4014c5302acf31d2d812aa0760241807465af57d94ca262cdf38c6f38fcc3191f960e9ca55aa6f2e1dff05cfd79e0d496dc42e6dd0ab219da5b474f32cd6d292f03c4c3675287412a080e8ebb14603c9f6d5514abb838473c33fb15e8bb1e99a9483da6797beaac2b8f0f26e1f17c65dc4100c0b689f0cf2ca481968723cb1825f4ca5433f4d4abab329a1f0d5928ed4b59bd8d3a78bb713a372c4612ee023591a3b72d952c74031861efc3880333c0e303a9d155fcdfcbaf31696562f23c7d72a3274759d42c92c9de491d5849ab035024e36c57afd10eb6d6bb4c77648bc7330321b8038464301bd79cd56b6833bc7bc74f5593e15e932695f3a1b6b7538c1ea9019883b1075c0db83dcd6c59b67dc879240ba5c60f23e44ac936bd1599c13845c275a3ebcef1fc6450411196478b285cea58d98a2b6a58b2e172757cf7dd6510d663986438eb24638e67272ce7d7bc5be3efc5769c520b892dd832f471777d2293a7aabd695218f1fc184c039ca899b18c0cf06fa7d8d37b08ef4b29ff004dd6098e39f5016cb5d7c876913e27f64b8f19756504877e8f5548c10d3dccd80f8d86ae93269c762b1e3b566983de38364c8dcd608039022794ef56386bf74c7c479a22e9c60baab895acedc91a9ae65566eb46431d2d6c07902107630e31ae4cead9eabe8b9c1e3010e76972716c47e3c092783b82a95181c011fbf34c8f03b92d1a8d392a33672dc60a9d2cab3a2baca8ac0aa3866ca05dc9c9aea1b5d8c175ee703ac3d8d1fe97620ef1a19030859e5aed00eb3e8a628f58a56723a353514647a644a28caf4139154d084916ce4467119232c54119dc29c967001df4aab7caabd67398dbe3df0576cf46f1c521e39cc5a524963f2e6d1d940380ad2dcb59a81db216328a3fcb54ee87dd6e7de8e6036f79cad6608f0f5855f78e3652c9662ca15676305b865504b69211a4560b9c0696e0e73ea87f84d6fec3635b7ed0f21bf3413c77720dd342a85b5d25b4c70f7e2aaae15f66b94ce5ee2dc0845df11eaa3380d2c6b1c4fa14292e19b1a413a7077abb52df45bdca4ec4b5a018ca644e3cd46ca750c17643d14ab94f95e6e177ed6b0c325c5acb3dd1b773197645509290b2804060cf2236a235e852402c1eb8ddbdb0ecfb7eca0d6735959a043a408c23107369806343942e87676d7abb32a975305cc39b77f2dc47966a94fb4573435cdfb000b4708644407d8f4f7df1a9cb48ea3bf97d4018bff0d6c2160d9dd808be4193a177e238e30d75d1c804eda3b48daed46b1f970807468c873dfc4a72f0dbc37f8cbb10c88cc25e21696d3100e0436c8f1ca091f8148e98192372bed5d0d5bb61b21ec8805b4f0df79c675cc82099581da3ad35817653efecba8b973c24e1dd44b8f854f3dd5c5db2b3c8eb88544a8023315c64c8318db3f3ae66a5babf7a9df3f85ba0e1a70215e1429883746a9f2cbc29b051683e161fba59af5885d075f68c12b839668621dff7e9dffe95a7be7b47778819ce033cf9b94668533f84601579ce9c1950f45328a2d2da055566d9649d2e301b25b7d4ab93bf7ce6b59950bd9da3b39a8e275fca7e927aa601060700a5a8e90cb2141816f736f0a1d59d51da24871f9fc3c59f5dcfbd60b69de6863b1bccc7817b84feaf1568bb5e3e4aafe6db0861844972f22adac173396450e626b8672b28563f880f85977c7e15dc6707a0b3b5f58cb0097bc44fe2b8008e38b5e23593a4aa4f7006e9d079feea35c91cfaeb6900ebbc784c14d6e08393ab3a70351392c4019624e0671598f75373892c0ed24ea0603e99705316b86015fc8f5a0573a8c8d4d28a32bd3514657a08ad2faeb4a330c6460027b02c428cec76c91e86813044a9a9b6f3a124b297a92c5376789678e4c762924133c32edee49427b0c45d8bef05a89a61f48fca6e91c0870047be2b6288900eefb2c70eb3f888208c118758d4e464616f2edb27b6c195589ec34d522e2cbd746a4f8b1bfb29f09c7de2a46ae85af1d7196920703bf92579248ffa4650e3dc1fad3df21b4e99c8070ea0007ea144332edf0975c2fde20c6cdc42e541c7b98d4ffa76aa2e31247e56a9db8f89504e39c4e68ad09808576e80832c57a735c0f852e5c0270a63498ec7647f7cd6abc035379c7940323ce156061b2a8ee48fb3f33dec82e591e21c42d230c873d7e9c4c5d11c6caa8f7055f7cab23a8dd4b5695ab68f6140d2a7f35c32741789391d4c08e105434e91aa43dd80c705d07cb56e91adb84554559af260a07631c50b039f5394662c49273deb9dac0b8baf1ccb04efc4fdd5f6e0001c53970d21510ff0d9c84efeb25d343f9655c0cfb7bd47f33b9bbc99fec89c074f54b38add90b71b91a6d2d101f9b0b69491f9a9cd3e9e269f371fa91eaa33af4545f3973231bcbd50a580e2569650e3191f0c9a1f3d8e3508bd7b1f96fb94da59483b75193ff920fa10a2244ff77920f06e7c8e74631c8240f777f282189cc691c4109cfbf51ce3619a96d147b3aa48dcc1c88249f30981dddc78aa3396f99aff0088f12e211a169175cafd2931d06b281cdbb46c081ac74532509c3a238ee0113daaa1a2ea74e998bb75a233bf75ae9e1dfd47e220637926b4105c75c4f250dbaf10135b8d3190923c69a99b2228dca44a70403a22544ce0642e70335976e2fb35634a8837406f89682ee978956a90bcd05d9aef057abcb9608eaf4d4a5155e9a4228aaf413937735de68b763ef25b81f5f8889bfa00a49f9544e388f7a156ecd8b8f24c3c2b8efed51c20b232ac8be6d85c5a1575439eccd1c8899009da35381d36266b586be91aa20ce7fcaf9c7a1c7c78abd48969ba7a710a4fc255512dc6765b5998e93e5281ef895cf7f30522b3c34dd713f9c7e8f2535e92397dd3972f5c292117b16e1807b906090b03fd76fcbd850ae2e82e1baa7f90c516eee49eade50dd227b0b8bd987b8d1142fdfd374ff7bd6754133bfb83eaa6698faa1f23707ea30071e436ce323b1d17232b9f5dc907237c1facd6ba91046b7bfc87d93583d1462c67d53c27277e20d85df0712c64918f7cf627f2deadda1a1ad781f94793b04c61923994a38496d118034e21be27e598a4518fa11ed8dfbd55acd6c93fccd8fa152b4f922aca0248339c58db77cfef4d6ee4fcbccc7f4a6007bbfd4ffd4102419e89273371c8e34b812103fe490773f8623ed93be8502a4a324b3fa5df521076bcd505cdfcc114f737af69202f6fc4f8aca4674869841d4889d58d40496c06a50465b6aeb6c6c0e6b59addb383caf104781fa2a6f3189fe68497c2ee0715b42f81aa54e1a924ae3f01372d1b10b8c0d96ebbe013a077d358f5af9782fc25efe976f01fe0d5298831b87a2acf90f8cff77d8f15bc3bbcdc5f89d9c44fa40628b2abf4f889fb63704fad6c345fb6cb860d145e799324f50d6f8263877046b3f4f6573df16b1d3211b9042383b769115c7e78615a94e99734120cc63cf5faa57c05f5155ab9c5848aaf41208a8f40a28eaf4c48285f8b5c434dbc2b9c6bbb87d3270ab2be3f32805308c7a1f41eab42ca333c9337170a2f5e660192dfe0c01ace6397ad045291eaaa55a4cefa58360efb889b229b4349ef5e9e5048f7c15f3893c13f701e6c4926b68907974c03718f23cd341329c8ee269b4693e9bf639362d146ed37639171e660381ff485131d8a7ee4de240b45a8804cdc3f03e51b5d44d9c7a1d00677f4f95456b64b7bbb9ff5ba7d5398e838f0f5522b19b2b06e0866be4eff008755ba0ff503df7fad6554cddbc5deb8ab234eaa45e180ff001370de4b5c63b000dc46718f9a35476bc437fbbcc1f54a9ebd3c940794cbb5c5b336141e212003feeb43ab39db7ec3e7f5ad4b5c063c0c7badfd6a2a732399f45bdede14853248d56d72b9f9bc93a8f7f61b7e955dd17bbbf987d18111974f54dfc6f8a684980273f03683b7f3d97718fe6dfdb350b1a49698d5ff00a938ebd1407c51e639024ed195d45ac894d3ab2ad1be9db639fc2339f515a164a61e1a3735df47327d544f7413cfd0ae438f9a66b6e2664d2dff00ba5e1646c8cb03167503bf958e483df047ad6e9640be0106ed1eb9e5cf7f10744d26478abeb9379af169752791cbdb70e8d07f23c2eebabfedb646ed901beb50566f6cea6f2081ff00149e7dab5be189e7c90c81033c3c8a8cf3270c02cd1261d38a2e2b2de5c9c02c62ba92e52445519dd90c0013800e0fa014455687bcd3c5c58c89ca6886804f5911af89488c04fb9c557dcbdc9892c2aedb9cba67dc44ed10ee41ec83d2ae56dbf4ec751d404e04efd71f551760f7f79a305dd2ad596b1c222bd3514457a08a2ac94d4556be27cdd4bbb0833b1b9b76c7b9cccb81b8df0c36f5cd455096b1ce1f95de9f65a56518754dfcc3c662666092aa4b247224d6f303134fd49617468ba98490a4a842b2330658e720d4b4e996b0118e45a46912208ce0838e1996ab24e28c650489613866315c2e0e00f8b40b237f32c17620007a32b6724915728370bafe20ff006e20756de503b391efd94efc38b9b807cab86521909216198a5f5ae350193d41246d81b0206f51917865a1ea5a0b1d970823c51c8fbd7153de1f3e1edd7db88cd195dc6ce2dd31dbb6067e95835710efe9047495701cb9a90f84f36cc0b1ff0002df38cfa5c5efc86fe6c6ff00afa8b6360370d5de4c4a9e33d3d547f96df12db1f379afa53bec3f0da01b1c630cbbe2ac57c4380d037cdde85319a754d3c4e60c6dd5c77b1bd19276cfed8c323bfe32b82318207b0cd90dee973747b7c9be89b3e498648d34aae58e78648cd977c9d123f4c124ea3a34c417d542263f08c44dbcf7c9ff00987c8cfaf3c65126074fb2149c1e022595e356ff0086dbb36acb659268551b1fc4a3186c67f5cb034df606923bcfe1843fe980c3823381e43d1736f8c16711be57c2921f8396180753cf0a34e5cb0d45ae063a8c705bb9df7aeaac98d02d33176a1e576a80d8fe91f2eee4ab9743bdfe555a723738cd60c2d02f516616f2a966edf79711691e849320c63380a7df6ad54b5ae7ba302d761bbbcdf0c5b039a7913046ff004531e7cf1163beb04911fcd3c5722652ac02cb6b77a82a9230de48a3d2c09186c6c4361b6763457a8c6c436a54674871f187370df07284e3a4ee69f4fba75e5cf0c0bc41d9b1ada571b9194695d9180f6642ac3dc115cd5b2d553b53d98c21ba0cee89fac856e97ca3deabaf81ad85cb85b8341144534522880d31155df30da2bf13b466ee970ba7e440b4c1fa8d6dfd6a2aa486ba370fd4b56cc3ba13cf307088a783a73c692a14b95d2ea08c436a90c641ee1951db0e08604939dce6bd57b98ebed3041047525de7a64acb3bc20a8bd870b586dd224c858adaee25df7d30dac7791ea3eacb3c8cfabbf6fa9d4a154bcb5c6312dfabcb0f8b442ad51a1b80e3e52a55c0d75408e7bb4583f44ba2c807f97aaca3f9428f4c97d5370be37f9b31f29e68b718f7aa91db7fcc67ff009703fab91b67fca2b9fa9f2c7f27a1565b9f54fdc8274489a4e357449f4dd6eae8ae31fc24ea19cefef525acf76774ff00833cd260f7e2b58999a5b591d8b33ddccc490a37d36ee30aa15400703b761be4e497be3be00810df3235c50190ebe4a33c4ecd59532371c36e707d72d2dd64ff00bffc55c61323fee7e86a8ce5d3d542f88598d8e5c7fc209d9d80cea739d8fb9cd42e71103fea3bc9c9e0604f01e88bd322095f53923865b609763b9bab7193be0903b1f97ad43445e7b01fcd53e8da89eec8f4f45ce1e2b4ccbc4a08492ea472f3b16c6a62f68a5b3a428df00640071eb924d76b656dea05c732dadffde1517e67dfe154bf373652193f0b2c303065c820ff00783a6739f40685b698631d1a5f8e8e07cd4d4b1cfdf754962807f75f0e8fd1a5e324fb9d29148a33ec1a47dbf98fd6b268777b6a83e62f6fd45d3e200f04e7998e5eabe82f845c856b3f0bb09248f2df0b1479fe58544318fc92351f957206d752912d6c664e3c4927ea55e2c07e9e4bffd9, NULL, 2),
(4, 'Rohit ', 'Lawtawar', 'rohit.lawtawar@tejovat.com', 'rohit.lawatawar@tejovat.com', NULL, 'M', '12345678', 'Unit 12', 'Hinjewadi road', '411058', 'Pune', 'Madhya Pradesh', 'India', NULL, NULL, NULL, NULL, NULL, '7218030984', 'yogesh.jpg', 'image/jpeg', 0xffd8ffe000104a46494600010100000100010000ffe100d445786966000049492a0008000000020031010200070000002600000069870400010000002e00000000000000476f6f676c650000020000900700040000003032323086920700800000004c000000000000000000000000000000202020202020202020202020202020202020202020202020202020202020202020202020202020202020202020202020202020202020202020202020202020202020202020202020202020202020202020202020202020202020202020202020202020202020202020202020202020202020202020202000ffdb0084000302020808080808080808080a0808080808080a080808080808080808080808080808080808080808080808080a080808080a090a08080d0d0a080d08080908010304040605060a06060a0d0e0b0e100f100f0f0f0f0d0e0f0d0f0f0d100f100e0f0f0d0f0f0d0f0d0f0d0f0f0d0d0d0d0d0d0e0d0d0e0d0d0f0d0d0d0f0d0d0dffc0001108008c008b03011100021101031101ffc4001d000001040301010000000000000000000003040506070102080009ffc4004010000201030204040305050605050000000102030004111221050613310722415114617108233281a1244252629109153372c1f025346382d1183565b1e1ffc4001c0100010501010100000000000000000000010002030405060708ffc4003f1100010301050506040405020701000000010002110304122131410551617181132291b1c1f00632a1d14252c2f114627282b292e12353637383a2b315ffda000c03010002110311003f00b961b7af5c2579f00974505464a78095c50d32714529486814e08eb1d3494211162a6ca742dc474d28adb4529497b4504960a51082d36f71b77de94a4021903e5441d125ab434e94d8407828842126961a78285d4925829d2824334152029b0921b7a901493dc30d404a784b228a98514ae38e9b308a32474d94e4654a694a16e169a8ac3b81dc81f538a05d19a280388212543a9652415041208009c81b8c0233ed91ef42f0460aa47c57fb60f0be18cd0c7aafa700e63859444ac3f7649cea507dc46b2b0f502ae762d6006bb8301c408971e4d91d2f16ce8acd2b33ea62060a86e3ff006fee24e18dbd95a40bb0d4c65b831939035366107271bf4b48ce37ce6abd5b458e9825b7dd1bcb5bff00a80e3e0ee32215f6d83f312ab0e61fb4c71a727f6b983c6ceac80c7e41829e5e9c71ea1df4ea380403e6d43192fda0e3de6b5919e01d8eb3de73bf6dd8cde6d8a965083078c17988e5375290548eb2911cc2400b619cb29977dfcc1c0c6950723319b7b8e394687118f8c6ec08de6347ff000cdc442e9bf053ed4534a21b6bf085c82165072cf8fc01f719760321b4ee31f89986ad0b2d66d6044804786994f131138624dd6831936ab1dcef3725d3e986008ec4023e86ac872c9842921a912292c90d38194c21239a1a7ca6c24661a29a9de28ea3254895c71d3094e4a1569a4a722aad3520b7028229171ce29d189e5d0f26819d08353b12400141206493dc9006e4900134e68930881261702f8e9e3dc9271a75d45ada14d76d6f2a858c5c8833a2e237f2663b9dcebd4bf74a412349aaefb51a5585369820660e338ea37b4f49df2b7e859e294ea75e13f65cfe7c68bc6590199834a089240009595b72824d9d236fde442a18139cec073adb6d56030e3899cfde3b8ad53499230c936c5c799d46a3b67763bb3761dc9ec0761e84fc8566b6a4bc89c559bb84e88bc462d23abaf46ac7931b90b80b9032a73f91eff3cc9da09d67dfbc54777043b5e67fbc591147940073862c546e300777c64e5719fa62985fa1f7ef2e4881b929bee76760eba5511df5b2695751ab2760477dff0011391db23b53a493338f84a6a6a4e60646d4a4ab29d48ca76f53b0eddf7c76dbb55aa55cb1c0b4fdd31cd0702be9ff00d947c4f7e2bc1a09a51f7b096b691b180fd23a51c636c94d21b0079813eb5d251ac2ab6f0187918c478e5c0819ae5ad74bb3a840e6ae074ab40aa093cb1d3c149239a2a9014c8490c352028270892a094e4a5169853c23a2d351445a05259a00a2b0e808208c83b11ee0f7a492e23fb6bf8412246b7e163957abd36091f4da38d97112385ceb0a5480f9075498d3800ae75be8f6ad1506633c7deb8f0deb7b675718d32a98e53fb324cf8791570ca186e02827dfd7f4af22b7fc43498e2c6bb1063de8bd5ec1f0ed47b45470cc265e7ff071ed466221b248c2fa15241fd7f4c7bd4b62daada98aaf6ed90ea5800aafe2b1bab00e08db1faee467b64fd7fd2ba6a3583fe55cad6a2ea661c9b950649c9dbe58fd739ab4aa1439e63ef4f9c50843d7f3a49cbbc3fb34388b9878bc25bc892d948ab9ecf225c23b01fccb14609f5d23dab77673e441e3e87cc9f1587b4db830f3f45daa456ccac14274a74a0934a94f050498c74f94d84a2314c4e011d2989f08eb4125b8a08af53525ea08281f8ddc045c70db84235285d720f283d3507538d440cc40f5bbe7eefca19b00c35df768d476e6b8f38131d7257ec0d9b4d36939b80f12aa7b68e08d55ba994000033b9c0ed8ed9af922a9351e4c62beb5a5dc6068c90268ed6f3221b5d2c363213b12463b76dfd7d4fbd5d654a94801975542ab18e712e783c2173678b3e0a1cc8d1823049ef903ff00a3a7e78aed766ed80203971db4f63178bcce8a80e37cad341f8d763b641c83f2aeda85be956c1a715c2da6c15acff38c133744d5dbe37acf85ae29c0ca4bbcbfb34383110717b8df0f35a4007a6618e6909fafed03f4addd9c0c1f79fecb0b69bbe41cfd176ad6d9584b56a410419169c0a108056a494d8594a6e69c1190504f08cb4d496f42515ea12942f628230a83f13f98eee7b9e2dc344770ea2ded9ed9a2f2c6892c4a648e6d0c2499e7984a8b80ea8837553866a3b4ad828536d26b1a4b9a6f482499739b84cb40007038e674dbd9f666ba2ade8839f10b95adfc27e27716771c4ccaf15b41322476923c85ae181d33375350e9450920bea27f0cb9081016f2d75aac14ed6da7d932f1c2630074107327edbcaf4d165b7becae776af818c6a5a33386386835829a2e3885e43a91238bceb901103b6ffc0f189096f50c8739c7ad5afe3db5a09c07281c8830237caa86c35a8c869249e249e90ae4fb30f8ac9c2f854c38e5bcb7464bd79225923b5bd631c9040a2391ae256921d0f0c8fd26d382e491924517ed2b0b1f729b448fcad8eb901c277045bb2b69d46079a85a37b9eef4959f113ed25c1a68d85bf29f0d980c90678ad62391ea121b593b0ffa83d6add9b6c5165404b489c326faca65a363da8d337abb9d1a0bc47d4fa2a52e78cd94e1ae25e11c2ed4043d38208644567cf94ccdd4d2554125b4c6a4e91bed59fb4b6e3eabbb3b3b1a34bd0d98de21a04ee99c55fd93b0a95302ada5ce3add9cf703ac6f42e60f09e6e23d310436cb2ca88f6c618a2b785b274f4331054c3618217dc385c90198d676c5b613696d075490e25a6f126e9d09ccc68601ce6305b3f10ecfa7fc21b4b698696c117466d9ff007c174e7f675f2f491708bb95f204fc4240887b810430c4e48f43d40e847fd3af59b153730398f1041208dc41208c30c0eec17886d2702f681bbcd75562b4d642c1a412426a329211a720b45a7241190d30a7a32d09496f41159c5284217a914534717e030b6b95a243274caebc61d9543154661866505890ad90351c0dcd2755731a60e0278c729c8f2535224b8341c091e6b983997ed1b636d0c3c35ac27e9c2af831c91468e64046a6424020636d07719f53b7cca2cd5ad94c38c664c9249278e0725f5187d2b25573af41c045d10d034188cf3c9477c35e3ee2dfad1c862b6ea4890c6d182574e180209188f2c428df4e362010051b5d3ecdc1951b2e024c18fbe2af537b2b4be9b85d27091c1573cf9c6a396463a406c9d4cbbabefb36e73efdf71db35a764258d819693a7059d6a01eef38c8a88cae421555c67bb1ee7ff03e55649bee0e768997035900295720f87927100b1050218a449679b3a5d156390688c90575beac61fca06e738c352b4db3f87976a4100684c8c4f2e1c94d42cc1ef1c231e8a1be3873aa431c5676923791d6469919810207768b43858ceaeb1698ba2a80550293a751e93e1eb238bcda2a6790ea3ed82e7be2bb6b594d963a473c4f43978f92efdfb2e7244bc3f80d85b4e089424b34a0ee43dc4f2cf827b9204801cef906bda6ca08a72ecce3e3ebbd7815b1e1f5496e580f010ad5c55c54560d20921b51d524334e49050d38a211d29851455a08a253525ecd14966822bd8a092e1cf127c3764e2d73f7b616b1c32698cdcea7263645951c4411b5284758fccc012bdb6cd7925be9b6cb51d670200712230804cf862bdcf63936da22d2f24bae8d0192046a4019205bde5cb2b877b39ad91742bc08d11cf7cf47a6230a77395727b6c7735c5db29d199638dee3f7cd75941d51b8168bbc1422df82aca188040d47493b9c0ff43fa5547d434cc70565adbe2533f32e84f2e77ab36705d8a654780a3c9c7674578e29a48d24ff001155caabe36f30077db6fa5680a14dc439ed048ca745585a2a3010c300a5de1b78157bc6788c2618c3c16ef666edcba26885a662f80c72c59124c690db8dfb8aef761d1ed185a06449fb2f30f886b8a7543dc7310398fdc2fa946bd0c05e5ebc68a2b04d390427a2905a668c218202538a40a3a1a694f08a2804514534e092f6281292cd2497a8149739fda6ac6c12ead67bdb659849114566d413546c495f2e32da594e1b3b01f3af30f8ba9d66d5a75696008209e47ec57ac7c1b5693a8d4a554e21d207023ca42a2b9ebc47b358cadbae9041f2ae401fe51d87e79af3ab3592b547778752bd2ebdaa95261833c956b7bcefab023caae06c7639c6fb7d7d6b4bf81ba7bcaa32d61e304c771c419ce7b9356594c30289ee2e448e0c2ef4264a18b4297f85df685bae06d37c2dbc3706e8c31b2ca6418e9190ae8e9b03a9ba8cbbe40d8e0e307d33e1aa9484b1cd249ca081e60cf0cb9af31f88acfda383898027dfd17d12e41e6f5beb58ae02846745ea47ab574a42a19933819182195881a9594e06715db57a2ea2f2c3d0ef139fa1e20af3ae4a404540125ab53924273442108469c842029a72411d0d3539194d31145534925bd3125ea48af524122e2fc121b8431cf0c53a13929246b2264763a5c1191e8719151be9b6a0baf008e2a6a751f4dd798e20ef06150df691b4e0bc1b86cb75fdd3c3e59e4fb9b68deda22ad2b0fc6fb674443ce74e0938008cea0eb3eccb210eab569b6e3049c07789c9a371275d0027457e9dbad6f78636abe4f1380d4ae1ce0f6a8ea8c762c8ac46e0648dc0efd8e76af1cda4c346ab83461263870e8bd9b665515a9b49f9a314f51f0c03b0ac2bf39ade2d5bdcdae06f4e6bb728dc3056a722f8370da5a7c6f128cfc4dd624b28096125ad92361eedd01189ee9888add24074a80c7fc6213d7fe11d9d51cf16b708680436757119f268c7e99c2f29f88adac71ec198e389f4f7feeaf2f0c38add584ec2e2178a191524bb2e1912d55f425b2a96f2a8850f9cb1184ca9f34073ea15ececb6520ea441763700209700093c4971cb8c1c9cbcf9e4d330e9f7e8afcb3e211c83546e920fe246571fd54915cad4a552918a8d20f10479a41c0e45109a6a284c6884a10c8a49929321a91108e8d4cc93823a1a6a28a0d22125b834125914c28af529496452292e53fb7472d4f3c4842314863568bd9e672d23007dd6155057bf9d7e78b2ea8d7590d269c6f171e42001ca4932b4ec6c2ca979da881e6b8b7926f35c6a0f704e3e609ce2bc8f69e2f277af50d9248681a853db5976c63ea7ff00dae31e315dcb316cab7fc1ce58e0c934775cc3c420b2810abc566eaf24d73df4bce91066b7b63fb8660bf1054e905158bf55b2b61d7ad76d0f6430fcb7886df23517a25a358c0e032cf8edb1b5dac0685032efc447e1e1fd5e5cf2eb9e46e19c2efee7e3a1beb1e28cf2bca1a3b8b76e9c708fd96da28164668c2052bdb23aaf9c0518f52ad69a8da5d886b98d80220ff719d673e30d5e63d9f7af1c4fb85ef1e786cc387c314a5916e7885ab5dc87569082e3abd3cc6c9e6710b00048a73718c8c55bd935832ad5ab4c02e6d37dce1dd89c41c8389cbf08515a1a0b5ad764489fb272b6e5cb68423c515b43a115a40b1940758564024f34e26008df5c81d8ee14236a0769d7aad2daaf73a4e12670e5f2c1e0040cb310bf85a6d8ba004a167c83b98c8c6d21550432ea5225d2913b3af982b2db8233873da9cda94cc6b3bbed89006f05dc940fb3cfbf63c9024bcc675797490ad9054c6c7b2cc8dbc6492006cb464ec24276ab5d94fcb8ebbe46f691f30df9119c42a6ea4464b64941dc1cf71f983823ea08208f422a23ddc0aad8a0235141191a814f0942b5312440d42539101a6ca0b70682308b1db9383b004e351385ce093ee4e0024e90d8c542faad6679fbe9e2a7a745cfc922e3dcc315b42d36912848de6691d9a3b70a8da082748773ab23488cabb023aa8065c59c3ed3545261824c618912267765c70ddbae9a2da2dbce0b943ff5972dedf4b6fc65214e14eb2a7dd5a1692da4014c5302acf31d2d812aa0760241807465af57d94ca262cdf38c6f38fcc3191f960e9ca55aa6f2e1dff05cfd79e0d496dc42e6dd0ab219da5b474f32cd6d292f03c4c3675287412a080e8ebb14603c9f6d5514abb838473c33fb15e8bb1e99a9483da6797beaac2b8f0f26e1f17c65dc4100c0b689f0cf2ca481968723cb1825f4ca5433f4d4abab329a1f0d5928ed4b59bd8d3a78bb713a372c4612ee023591a3b72d952c74031861efc3880333c0e303a9d155fcdfcbaf31696562f23c7d72a3274759d42c92c9de491d5849ab035024e36c57afd10eb6d6bb4c77648bc7330321b8038464301bd79cd56b6833bc7bc74f5593e15e932695f3a1b6b7538c1ea9019883b1075c0db83dcd6c59b67dc879240ba5c60f23e44ac936bd1599c13845c275a3ebcef1fc6450411196478b285cea58d98a2b6a58b2e172757cf7dd6510d663986438eb24638e67272ce7d7bc5be3efc5769c520b892dd832f471777d2293a7aabd695218f1fc184c039ca899b18c0cf06fa7d8d37b08ef4b29ff004dd6098e39f5016cb5d7c876913e27f64b8f19756504877e8f5548c10d3dccd80f8d86ae93269c762b1e3b566983de38364c8dcd608039022794ef56386bf74c7c479a22e9c60baab895acedc91a9ae65566eb46431d2d6c07902107630e31ae4cead9eabe8b9c1e3010e76972716c47e3c092783b82a95181c011fbf34c8f03b92d1a8d392a33672dc60a9d2cab3a2baca8ac0aa3866ca05dc9c9aea1b5d8c175ee703ac3d8d1fe97620ef1a19030859e5aed00eb3e8a628f58a56723a353514647a644a28caf4139154d084916ce4467119232c54119dc29c967001df4aab7caabd67398dbe3df0576cf46f1c521e39cc5a524963f2e6d1d940380ad2dcb59a81db216328a3fcb54ee87dd6e7de8e6036f79cad6608f0f5855f78e3652c9662ca15676305b865504b69211a4560b9c0696e0e73ea87f84d6fec3635b7ed0f21bf3413c77720dd342a85b5d25b4c70f7e2aaae15f66b94ce5ee2dc0845df11eaa3380d2c6b1c4fa14292e19b1a413a7077abb52df45bdca4ec4b5a018ca644e3cd46ca750c17643d14ab94f95e6e177ed6b0c325c5acb3dd1b773197645509290b2804060cf2236a235e852402c1eb8ddbdb0ecfb7eca0d6735959a043a408c23107369806343942e87676d7abb32a975305cc39b77f2dc47966a94fb4573435cdfb000b4708644407d8f4f7df1a9cb48ea3bf97d4018bff0d6c2160d9dd808be4193a177e238e30d75d1c804eda3b48daed46b1f970807468c873dfc4a72f0dbc37f8cbb10c88cc25e21696d3100e0436c8f1ca091f8148e98192372bed5d0d5bb61b21ec8805b4f0df79c675cc82099581da3ad35817653efecba8b973c24e1dd44b8f854f3dd5c5db2b3c8eb88544a8023315c64c8318db3f3ae66a5babf7a9df3f85ba0e1a70215e1429883746a9f2cbc29b051683e161fba59af5885d075f68c12b839668621dff7e9dffe95a7be7b47778819ce033cf9b94668533f84601579ce9c1950f45328a2d2da055566d9649d2e301b25b7d4ab93bf7ce6b59950bd9da3b39a8e275fca7e927aa601060700a5a8e90cb2141816f736f0a1d59d51da24871f9fc3c59f5dcfbd60b69de6863b1bccc7817b84feaf1568bb5e3e4aafe6db0861844972f22adac173396450e626b8672b28563f880f85977c7e15dc6707a0b3b5f58cb0097bc44fe2b8008e38b5e23593a4aa4f7006e9d079feea35c91cfaeb6900ebbc784c14d6e08393ab3a70351392c4019624e0671598f75373892c0ed24ea0603e99705316b86015fc8f5a0573a8c8d4d28a32bd3514657a08ad2faeb4a330c6460027b02c428cec76c91e86813044a9a9b6f3a124b297a92c5376789678e4c762924133c32edee49427b0c45d8bef05a89a61f48fca6e91c0870047be2b6288900eefb2c70eb3f888208c118758d4e464616f2edb27b6c195589ec34d522e2cbd746a4f8b1bfb29f09c7de2a46ae85af1d7196920703bf92579248ffa4650e3dc1fad3df21b4e99c8070ea0007ea144332edf0975c2fde20c6cdc42e541c7b98d4ffa76aa2e31247e56a9db8f89504e39c4e68ad09808576e80832c57a735c0f852e5c0270a63498ec7647f7cd6abc035379c7940323ce156061b2a8ee48fb3f33dec82e591e21c42d230c873d7e9c4c5d11c6caa8f7055f7cab23a8dd4b5695ab68f6140d2a7f35c32741789391d4c08e105434e91aa43dd80c705d07cb56e91adb84554559af260a07631c50b039f5394662c49273deb9dac0b8baf1ccb04efc4fdd5f6e0001c53970d21510ff0d9c84efeb25d343f9655c0cfb7bd47f33b9bbc99fec89c074f54b38add90b71b91a6d2d101f9b0b69491f9a9cd3e9e269f371fa91eaa33af4545f3973231bcbd50a580e2569650e3191f0c9a1f3d8e3508bd7b1f96fb94da59483b75193ff920fa10a2244ff77920f06e7c8e74631c8240f777f282189cc691c4109cfbf51ce3619a96d147b3aa48dcc1c88249f30981dddc78aa3396f99aff0088f12e211a169175cafd2931d06b281cdbb46c081ac74532509c3a238ee0113daaa1a2ea74e998bb75a233bf75ae9e1dfd47e220637926b4105c75c4f250dbaf10135b8d3190923c69a99b2228dca44a70403a22544ce0642e70335976e2fb35634a8837406f89682ee978956a90bcd05d9aef057abcb9608eaf4d4a5155e9a4228aaf413937735de68b763ef25b81f5f8889bfa00a49f9544e388f7a156ecd8b8f24c3c2b8efed51c20b232ac8be6d85c5a1575439eccd1c8899009da35381d36266b586be91aa20ce7fcaf9c7a1c7c78abd48969ba7a710a4fc255512dc6765b5998e93e5281ef895cf7f30522b3c34dd713f9c7e8f2535e92397dd3972f5c292117b16e1807b906090b03fd76fcbd850ae2e82e1baa7f90c516eee49eade50dd227b0b8bd987b8d1142fdfd374ff7bd6754133bfb83eaa6698faa1f23707ea30071e436ce323b1d17232b9f5dc907237c1facd6ba91046b7bfc87d93583d1462c67d53c27277e20d85df0712c64918f7cf627f2deadda1a1ad781f94793b04c61923994a38496d118034e21be27e598a4518fa11ed8dfbd55acd6c93fccd8fa152b4f922aca0248339c58db77cfef4d6ee4fcbccc7f4a6007bbfd4ffd4102419e89273371c8e34b812103fe490773f8623ed93be8502a4a324b3fa5df521076bcd505cdfcc114f737af69202f6fc4f8aca4674869841d4889d58d40496c06a50465b6aeb6c6c0e6b59addb383caf104781fa2a6f3189fe68497c2ee0715b42f81aa54e1a924ae3f01372d1b10b8c0d96ebbe013a077d358f5af9782fc25efe976f01fe0d5298831b87a2acf90f8cff77d8f15bc3bbcdc5f89d9c44fa40628b2abf4f889fb63704fad6c345fb6cb860d145e799324f50d6f8263877046b3f4f6573df16b1d3211b9042383b769115c7e78615a94e99734120cc63cf5faa57c05f5155ab9c5848aaf41208a8f40a28eaf4c48285f8b5c434dbc2b9c6bbb87d3270ab2be3f32805308c7a1f41eab42ca333c9337170a2f5e660192dfe0c01ace6397ad045291eaaa55a4cefa58360efb889b229b4349ef5e9e5048f7c15f3893c13f701e6c4926b68907974c03718f23cd341329c8ee269b4693e9bf639362d146ed37639171e660381ff485131d8a7ee4de240b45a8804cdc3f03e51b5d44d9c7a1d00677f4f95456b64b7bbb9ff5ba7d5398e838f0f5522b19b2b06e0866be4eff008755ba0ff503df7fad6554cddbc5deb8ab234eaa45e180ff001370de4b5c63b000dc46718f9a35476bc437fbbcc1f54a9ebd3c940794cbb5c5b336141e212003feeb43ab39db7ec3e7f5ad4b5c063c0c7badfd6a2a732399f45bdede14853248d56d72b9f9bc93a8f7f61b7e955dd17bbbf987d18111974f54dfc6f8a684980273f03683b7f3d97718fe6dfdb350b1a49698d5ff00a938ebd1407c51e639024ed195d45ac894d3ab2ad1be9db639fc2339f515a164a61e1a3735df47327d544f7413cfd0ae438f9a66b6e2664d2dff00ba5e1646c8cb03167503bf958e483df047ad6e9640be0106ed1eb9e5cf7f10744d26478abeb9379af169752791cbdb70e8d07f23c2eebabfedb646ed901beb50566f6cea6f2081ff00149e7dab5be189e7c90c81033c3c8a8cf3270c02cd1261d38a2e2b2de5c9c02c62ba92e52445519dd90c0013800e0fa014455687bcd3c5c58c89ca6886804f5911af89488c04fb9c557dcbdc9892c2aedb9cba67dc44ed10ee41ec83d2ae56dbf4ec751d404e04efd71f551760f7f79a305dd2ad596b1c222bd3514457a08a2ac94d4556be27cdd4bbb0833b1b9b76c7b9cccb81b8df0c36f5cd455096b1ce1f95de9f65a56518754dfcc3c662666092aa4b247224d6f303134fd49617468ba98490a4a842b2330658e720d4b4e996b0118e45a46912208ce0838e1996ab24e28c650489613866315c2e0e00f8b40b237f32c17620007a32b6724915728370bafe20ff006e20756de503b391efd94efc38b9b807cab86521909216198a5f5ae350193d41246d81b0206f51917865a1ea5a0b1d970823c51c8fbd7153de1f3e1edd7db88cd195dc6ce2dd31dbb6067e95835710efe9047495701cb9a90f84f36cc0b1ff0002df38cfa5c5efc86fe6c6ff00afa8b6360370d5de4c4a9e33d3d547f96df12db1f379afa53bec3f0da01b1c630cbbe2ac57c4380d037cdde85319a754d3c4e60c6dd5c77b1bd19276cfed8c323bfe32b82318207b0cd90dee973747b7c9be89b3e498648d34aae58e78648cd977c9d123f4c124ea3a34c417d542263f08c44dbcf7c9ff00987c8cfaf3c65126074fb2149c1e022595e356ff0086dbb36acb659268551b1fc4a3186c67f5cb034df606923bcfe1843fe980c3823381e43d1736f8c16711be57c2921f8396180753cf0a34e5cb0d45ae063a8c705bb9df7aeaac98d02d33176a1e576a80d8fe91f2eee4ab9743bdfe555a723738cd60c2d02f516616f2a966edf79711691e849320c63380a7df6ad54b5ae7ba302d761bbbcdf0c5b039a7913046ff004531e7cf1163beb04911fcd3c5722652ac02cb6b77a82a9230de48a3d2c09186c6c4361b6763457a8c6c436a54674871f187370df07284e3a4ee69f4fba75e5cf0c0bc41d9b1ada571b9194695d9180f6642ac3dc115cd5b2d553b53d98c21ba0cee89fac856e97ca3deabaf81ad85cb85b8341144534522880d31155df30da2bf13b466ee970ba7e440b4c1fa8d6dfd6a2aa486ba370fd4b56cc3ba13cf307088a783a73c692a14b95d2ea08c436a90c641ee1951db0e08604939dce6bd57b98ebed3041047525de7a64acb3bc20a8bd870b586dd224c858adaee25df7d30dac7791ea3eacb3c8cfabbf6fa9d4a154bcb5c6312dfabcb0f8b442ad51a1b80e3e52a55c0d75408e7bb4583f44ba2c807f97aaca3f9428f4c97d5370be37f9b31f29e68b718f7aa91db7fcc67ff009703fab91b67fca2b9fa9f2c7f27a1565b9f54fdc8274489a4e357449f4dd6eae8ae31fc24ea19cefef525acf76774ff00833cd260f7e2b58999a5b591d8b33ddccc490a37d36ee30aa15400703b761be4e497be3be00810df3235c50190ebe4a33c4ecd59532371c36e707d72d2dd64ff00bffc55c61323fee7e86a8ce5d3d542f88598d8e5c7fc209d9d80cea739d8fb9cd42e71103fea3bc9c9e0604f01e88bd322095f53923865b609763b9bab7193be0903b1f97ad43445e7b01fcd53e8da89eec8f4f45ce1e2b4ccbc4a08492ea472f3b16c6a62f68a5b3a428df00640071eb924d76b656dea05c732dadffde1517e67dfe154bf373652193f0b2c303065c820ff00783a6739f40685b698631d1a5f8e8e07cd4d4b1cfdf754962807f75f0e8fd1a5e324fb9d29148a33ec1a47dbf98fd6b268777b6a83e62f6fd45d3e200f04e7998e5eabe82f845c856b3f0bb09248f2df0b1479fe58544318fc92351f957206d752912d6c664e3c4927ea55e2c07e9e4bffd9, NULL, 1);

--
-- Indexes for dumped tables
--

--
-- Indexes for table `customer_master`
--
ALTER TABLE `customer_master`
  ADD PRIMARY KEY (`id`);

--
-- Indexes for table `invoice`
--
ALTER TABLE `invoice`
  ADD PRIMARY KEY (`id`),
  ADD KEY `fk_invoice_customer_idx` (`customerid`);

--
-- Indexes for table `package_items`
--
ALTER TABLE `package_items`
  ADD PRIMARY KEY (`id`),
  ADD KEY `fk_package_items_idx` (`packageid`);

--
-- Indexes for table `package_order`
--
ALTER TABLE `package_order`
  ADD PRIMARY KEY (`id`),
  ADD UNIQUE KEY `packageno_UNIQUE` (`packageno`),
  ADD UNIQUE KEY `shipmentno_UNIQUE` (`shipmentno`),
  ADD KEY `fk_salesorder_package_idx` (`salesorderno`);

--
-- Indexes for table `productitems`
--
ALTER TABLE `productitems`
  ADD PRIMARY KEY (`id`),
  ADD KEY `fk_product_item_idx` (`productid`);

--
-- Indexes for table `productmaster`
--
ALTER TABLE `productmaster`
  ADD PRIMARY KEY (`id`);

--
-- Indexes for table `role`
--
ALTER TABLE `role`
  ADD PRIMARY KEY (`id`);

--
-- Indexes for table `sales_items`
--
ALTER TABLE `sales_items`
  ADD PRIMARY KEY (`id`),
  ADD KEY `fk_salesitems_salesorder_idx` (`salesorderid`),
  ADD KEY `fk_salesitems_product_idx` (`productid`),
  ADD KEY `fk_salesitems_item_idx` (`itemid`);

--
-- Indexes for table `sales_order`
--
ALTER TABLE `sales_order`
  ADD PRIMARY KEY (`id`),
  ADD UNIQUE KEY `salesorderno_UNIQUE` (`salesorderno`),
  ADD KEY `fk_salesorder_customer_idx` (`customerid`);

--
-- Indexes for table `user`
--
ALTER TABLE `user`
  ADD PRIMARY KEY (`id`),
  ADD KEY `user_role_idx` (`userrole`);

--
-- AUTO_INCREMENT for dumped tables
--

--
-- AUTO_INCREMENT for table `customer_master`
--
ALTER TABLE `customer_master`
  MODIFY `id` int(11) NOT NULL AUTO_INCREMENT, AUTO_INCREMENT=3;

--
-- AUTO_INCREMENT for table `invoice`
--
ALTER TABLE `invoice`
  MODIFY `id` int(11) NOT NULL AUTO_INCREMENT;

--
-- AUTO_INCREMENT for table `package_items`
--
ALTER TABLE `package_items`
  MODIFY `id` int(11) NOT NULL AUTO_INCREMENT, AUTO_INCREMENT=4;

--
-- AUTO_INCREMENT for table `package_order`
--
ALTER TABLE `package_order`
  MODIFY `id` int(11) NOT NULL AUTO_INCREMENT, AUTO_INCREMENT=7;

--
-- AUTO_INCREMENT for table `productitems`
--
ALTER TABLE `productitems`
  MODIFY `id` int(11) NOT NULL AUTO_INCREMENT, AUTO_INCREMENT=4;

--
-- AUTO_INCREMENT for table `productmaster`
--
ALTER TABLE `productmaster`
  MODIFY `id` int(11) NOT NULL AUTO_INCREMENT, AUTO_INCREMENT=3;

--
-- AUTO_INCREMENT for table `role`
--
ALTER TABLE `role`
  MODIFY `id` int(11) NOT NULL AUTO_INCREMENT, AUTO_INCREMENT=4;

--
-- AUTO_INCREMENT for table `sales_items`
--
ALTER TABLE `sales_items`
  MODIFY `id` int(11) NOT NULL AUTO_INCREMENT, AUTO_INCREMENT=41;

--
-- AUTO_INCREMENT for table `sales_order`
--
ALTER TABLE `sales_order`
  MODIFY `id` int(11) NOT NULL AUTO_INCREMENT, AUTO_INCREMENT=18;

--
-- AUTO_INCREMENT for table `user`
--
ALTER TABLE `user`
  MODIFY `id` int(11) NOT NULL AUTO_INCREMENT, AUTO_INCREMENT=5;

--
-- Constraints for dumped tables
--

--
-- Constraints for table `invoice`
--
ALTER TABLE `invoice`
  ADD CONSTRAINT `fk_invoice_customer` FOREIGN KEY (`customerid`) REFERENCES `customer_master` (`id`) ON DELETE NO ACTION ON UPDATE NO ACTION;

--
-- Constraints for table `package_items`
--
ALTER TABLE `package_items`
  ADD CONSTRAINT `fk_package_items` FOREIGN KEY (`packageid`) REFERENCES `package_order` (`id`) ON DELETE NO ACTION ON UPDATE NO ACTION;

--
-- Constraints for table `productitems`
--
ALTER TABLE `productitems`
  ADD CONSTRAINT `fk_product_item` FOREIGN KEY (`productid`) REFERENCES `productmaster` (`id`) ON DELETE NO ACTION ON UPDATE NO ACTION;

--
-- Constraints for table `sales_items`
--
ALTER TABLE `sales_items`
  ADD CONSTRAINT `fk_salesitems_item` FOREIGN KEY (`itemid`) REFERENCES `productitems` (`id`) ON DELETE NO ACTION ON UPDATE NO ACTION,
  ADD CONSTRAINT `fk_salesitems_product` FOREIGN KEY (`productid`) REFERENCES `productmaster` (`id`) ON DELETE NO ACTION ON UPDATE NO ACTION,
  ADD CONSTRAINT `fk_salesitems_salesorder` FOREIGN KEY (`salesorderid`) REFERENCES `sales_order` (`id`) ON DELETE NO ACTION ON UPDATE NO ACTION;

--
-- Constraints for table `sales_order`
--
ALTER TABLE `sales_order`
  ADD CONSTRAINT `fk_salesorder_customer` FOREIGN KEY (`customerid`) REFERENCES `customer_master` (`id`) ON DELETE NO ACTION ON UPDATE NO ACTION;

--
-- Constraints for table `user`
--
ALTER TABLE `user`
  ADD CONSTRAINT `fk_user_role` FOREIGN KEY (`userrole`) REFERENCES `role` (`id`) ON DELETE NO ACTION ON UPDATE NO ACTION;
COMMIT;

/*!40101 SET CHARACTER_SET_CLIENT=@OLD_CHARACTER_SET_CLIENT */;
/*!40101 SET CHARACTER_SET_RESULTS=@OLD_CHARACTER_SET_RESULTS */;
/*!40101 SET COLLATION_CONNECTION=@OLD_COLLATION_CONNECTION */;
